,date,country,total_cases_predict,total_cases_real,total_deaths_predict,total_deaths_real,error_abs_cases,error_abs_deaths
0,2020-03-29,France,37972.0,37575.0,2517.0,2314.0,397.0,203.0
1,2020-03-29,China,82472.0,82342.0,3304.0,3306.0,130.0,-2.0
2,2020-03-29,Italy,93505.0,92472.0,10092.0,10023.0,1033.0,69.0
3,2020-03-29,Spain,74605.0,72248.0,5565.0,5690.0,2357.0,-125.0
4,2020-03-29,United States,128133.0,124665.0,2201.0,2191.0,3468.0,10.0
5,2020-03-30,France,43022.0,40174.0,2715.0,2606.0,2848.0,109.0
6,2020-03-30,China,82601.0,82463.0,3308.0,3311.0,138.0,-3.0
7,2020-03-30,Italy,99266.0,97689.0,11095.0,10781.0,1577.0,314.0
8,2020-03-30,Spain,81599.0,78797.0,6594.0,6528.0,2802.0,66.0
9,2020-03-30,United States,148230.0,143025.0,2840.0,2509.0,5205.0,331.0
10,2020-03-31,France,45016.0,44550.0,2891.0,3024.0,466.0,-133.0
11,2020-03-31,China,82714.0,82241.0,3314.0,3309.0,473.0,5.0
12,2020-03-31,Italy,103801.0,101739.0,11648.0,11591.0,2062.0,57.0
13,2020-03-31,Spain,84440.0,85195.0,7388.0,7340.0,-755.0,48.0
14,2020-03-31,United States,160815.0,164620.0,3233.0,3170.0,-3805.0,63.0
15,2020-04-01,France,48409.0,52128.0,3460.0,3523.0,-3719.0,-63.0
16,2020-04-01,China,82463.0,82295.0,3310.0,3310.0,168.0,0.0
17,2020-04-01,Italy,106285.0,105792.0,12378.0,12430.0,493.0,-52.0
18,2020-04-01,Spain,89410.0,94417.0,8072.0,8189.0,-5007.0,-117.0
19,2020-04-01,United States,184381.0,189618.0,4071.0,4079.0,-5237.0,-8.0
20,2020-04-02,France,59308.0,56989.0,4099.0,4032.0,2319.0,67.0
21,2020-04-02,China,82497.0,82395.0,3311.0,3316.0,102.0,-5.0
22,2020-04-02,Italy,109477.0,110574.0,13273.0,13157.0,-1097.0,116.0
23,2020-04-02,Spain,103481.0,102136.0,8907.0,9053.0,1345.0,-146.0
24,2020-04-02,United States,216496.0,216721.0,5062.0,5138.0,-225.0,-76.0
25,2020-04-03,France,64208.0,59105.0,4644.0,4503.0,5103.0,141.0
26,2020-04-03,China,82603.0,82465.0,3316.0,3326.0,138.0,-10.0
27,2020-04-03,Italy,114896.0,115242.0,13921.0,13917.0,-346.0,4.0
28,2020-04-03,Spain,111085.0,110238.0,9839.0,10003.0,847.0,-164.0
29,2020-04-03,United States,246717.0,245540.0,6409.0,6053.0,1177.0,356.0
30,2020-04-04,France,65766.0,59105.0,5053.0,4503.0,6661.0,550.0
31,2020-04-04,China,82671.0,82527.0,3331.0,3330.0,144.0,1.0
32,2020-04-04,Italy,119994.0,119827.0,14590.0,14681.0,167.0,-91.0
33,2020-04-04,Spain,118179.0,117710.0,10871.0,10935.0,469.0,-64.0
34,2020-04-04,United States,277025.0,277965.0,7527.0,7157.0,-940.0,370.0
35,2020-04-05,France,65766.0,63372.0,5053.0,5556.0,2394.0,-503.0
36,2020-04-05,China,82718.0,82575.0,3337.0,3333.0,143.0,4.0
37,2020-04-05,Italy,124426.0,124632.0,15398.0,15362.0,-206.0,36.0
38,2020-04-05,Spain,125257.0,124736.0,11875.0,11744.0,521.0,131.0
39,2020-04-05,United States,312196.0,312237.0,8885.0,8501.0,-41.0,384.0
40,2020-04-06,France,71091.0,70478.0,6374.0,8078.0,613.0,-1704.0
41,2020-04-06,China,82755.0,82642.0,3335.0,3335.0,113.0,0.0
42,2020-04-06,Italy,129280.0,128948.0,16033.0,15889.0,332.0,144.0
43,2020-04-06,Spain,131279.0,130759.0,12536.0,12418.0,520.0,118.0
44,2020-04-06,United States,349913.0,337635.0,10219.0,9647.0,12278.0,572.0
45,2020-04-07,France,74073.0,74390.0,10253.0,8911.0,-317.0,1342.0
46,2020-04-07,China,82822.0,82698.0,3336.0,3335.0,124.0,1.0
47,2020-04-07,Italy,133498.0,132547.0,16382.0,16525.0,951.0,-143.0
48,2020-04-07,Spain,136151.0,135032.0,12932.0,13055.0,1119.0,-123.0
49,2020-04-07,United States,367538.0,368196.0,11034.0,10989.0,-658.0,45.0
50,2020-04-08,France,79209.0,78167.0,10766.0,10328.0,1042.0,438.0
51,2020-04-08,China,82876.0,82784.0,3335.0,3337.0,92.0,-2.0
52,2020-04-08,Italy,136380.0,135586.0,16938.0,17129.0,794.0,-191.0
53,2020-04-08,Spain,138261.0,140510.0,13430.0,13798.0,-2249.0,-368.0
54,2020-04-08,United States,388164.0,398809.0,12454.0,12895.0,-10645.0,-441.0
55,2020-04-08,World,1379679.0,1391890.0,78676.0,81478.0,-12211.0,-2802.0
56,2020-04-09,France,82788.0,82048.0,12083.0,10869.0,740.0,1214.0
57,2020-04-09,China,82968.0,82870.0,3336.0,3339.0,98.0,-3.0
58,2020-04-09,Italy,138477.0,139422.0,17674.0,17669.0,-945.0,5.0
59,2020-04-09,Spain,143270.0,146690.0,14279.0,14555.0,-3420.0,-276.0
60,2020-04-09,United States,428456.0,432132.0,15122.0,14817.0,-3676.0,305.0
61,2020-04-09,World,1462996.0,1476819.0,88996.0,87816.0,-13823.0,1180.0
62,2020-04-10,France,86635.0,86334.0,12154.0,12210.0,301.0,-56.0
63,2020-04-10,China,83060.0,82925.0,3340.0,3340.0,135.0,0.0
64,2020-04-10,Italy,141959.0,143626.0,18161.0,18281.0,-1667.0,-120.0
65,2020-04-10,Spain,151649.0,152446.0,15213.0,15238.0,-797.0,-25.0
66,2020-04-10,United States,463358.0,466033.0,17144.0,16690.0,-2675.0,454.0
67,2020-04-10,World,1556941.0,1563857.0,95926.0,95044.0,-6916.0,882.0
68,2020-04-11,France,91163.0,90676.0,13934.0,13197.0,487.0,737.0
69,2020-04-11,China,83100.0,83004.0,3340.0,3343.0,96.0,-3.0
70,2020-04-11,Italy,147260.0,147577.0,18738.0,18851.0,-317.0,-113.0
71,2020-04-11,Spain,157910.0,157022.0,15883.0,15843.0,888.0,40.0
72,2020-04-11,United States,500160.0,501560.0,18921.0,18777.0,-1400.0,144.0
73,2020-04-11,World,1656130.0,1653204.0,102707.0,102088.0,2926.0,619.0
74,2020-04-12,France,95598.0,93790.0,14680.0,13832.0,1808.0,848.0
75,2020-04-12,China,83177.0,83097.0,3343.0,3343.0,80.0,0.0
76,2020-04-12,Italy,151617.0,152271.0,19419.0,19470.0,-654.0,-51.0
77,2020-04-12,Spain,161548.0,161852.0,16375.0,16353.0,-304.0,22.0
78,2020-04-12,United States,536468.0,529951.0,21111.0,20608.0,6517.0,503.0
79,2020-04-12,World,1747557.0,1734913.0,110182.0,108306.0,12644.0,1876.0
80,2020-04-13,France,97875.0,95403.0,15087.0,14393.0,2472.0,694.0
81,2020-04-13,China,83280.0,83209.0,3344.0,3345.0,71.0,-1.0
82,2020-04-13,Italy,156162.0,156363.0,20006.0,19901.0,-201.0,105.0
83,2020-04-13,Spain,165451.0,166019.0,16796.0,16972.0,-568.0,-176.0
84,2020-04-13,United States,562387.0,557571.0,22633.0,22108.0,4816.0,525.0
85,2020-04-13,World,1828985.0,1807308.0,115446.0,113513.0,21677.0,1933.0
86,2020-04-14,France,97850.0,98076.0,15372.0,14967.0,-226.0,405.0
87,2020-04-14,China,83401.0,83303.0,3344.0,3345.0,98.0,-1.0
88,2020-04-14,Italy,161008.0,159516.0,20463.0,20465.0,1492.0,-2.0
89,2020-04-14,Spain,169717.0,169496.0,17352.0,17489.0,221.0,-137.0
90,2020-04-14,United States,580630.0,582594.0,23290.0,23649.0,-1964.0,-359.0
91,2020-04-14,World,1887839.0,1873265.0,118531.0,118854.0,14574.0,-323.0
92,2020-04-15,France,100690.0,103573.0,15807.0,15729.0,-2883.0,78.0
93,2020-04-15,China,83491.0,83352.0,3345.0,3346.0,139.0,-1.0
94,2020-04-15,Italy,163390.0,162488.0,20841.0,21069.0,902.0,-228.0
95,2020-04-15,Spain,172356.0,172541.0,18007.0,18056.0,-185.0,-49.0
96,2020-04-15,United States,604629.0,609516.0,24711.0,26057.0,-4887.0,-1346.0
97,2020-04-15,World,1939213.0,1948511.0,123134.0,125966.0,-9298.0,-2832.0
98,2020-04-16,France,108561.0,106206.0,16643.0,17167.0,2355.0,-524.0
99,2020-04-16,China,83515.0,83402.0,3345.0,3346.0,113.0,-1.0
100,2020-04-16,Italy,165318.0,165155.0,21614.0,21647.0,163.0,-33.0
101,2020-04-16,Spain,174669.0,177633.0,18471.0,18579.0,-2964.0,-108.0
102,2020-04-16,United States,629948.0,639664.0,28329.0,30985.0,-9716.0,-2656.0
103,2020-04-16,World,2011184.0,2029930.0,131848.0,136320.0,-18746.0,-4472.0
104,2020-04-17,France,110413.0,108847.0,18526.0,17920.0,1566.0,606.0
105,2020-04-17,China,83550.0,83754.0,3345.0,4636.0,-204.0,-1291.0
106,2020-04-17,Italy,167785.0,168941.0,22236.0,22172.0,-1156.0,64.0
107,2020-04-17,Spain,180260.0,182816.0,19062.0,19130.0,-2556.0,-68.0
108,2020-04-17,United States,664834.0,671331.0,37060.0,33284.0,-6497.0,3776.0
109,2020-04-17,World,2106928.0,2114269.0,145567.0,145144.0,-7341.0,423.0
110,2020-04-18,France,111938.0,109252.0,19075.0,18681.0,2686.0,394.0
111,2020-04-18,China,84017.0,83785.0,4756.0,4636.0,232.0,120.0
112,2020-04-18,Italy,171449.0,172434.0,22728.0,22747.0,-985.0,-19.0
113,2020-04-18,Spain,187574.0,188068.0,19576.0,19478.0,-494.0,98.0
114,2020-04-18,United States,701313.0,702164.0,37281.0,37054.0,-851.0,227.0
115,2020-04-18,World,2199152.0,2197593.0,156086.0,153090.0,1559.0,2996.0
116,2020-04-19,France,110796.0,111821.0,19687.0,19323.0,-1025.0,364.0
117,2020-04-19,China,84009.0,83803.0,5499.0,4636.0,206.0,863.0
118,2020-04-19,Italy,176139.0,175925.0,23255.0,23227.0,214.0,28.0
119,2020-04-19,Spain,192932.0,191726.0,19932.0,20043.0,1206.0,-111.0
120,2020-04-19,United States,733818.0,735086.0,41141.0,38910.0,-1268.0,2231.0
121,2020-04-19,World,2285468.0,2281714.0,162356.0,159511.0,3754.0,2845.0
122,2020-04-20,France,113694.0,112606.0,20224.0,19718.0,1088.0,506.0
123,2020-04-20,China,83928.0,83817.0,4684.0,4636.0,111.0,48.0
124,2020-04-20,Italy,179336.0,178972.0,23781.0,23660.0,364.0,121.0
125,2020-04-20,Spain,196345.0,195944.0,20305.0,20453.0,401.0,-148.0
126,2020-04-20,United States,766111.0,759687.0,42736.0,40682.0,6424.0,2054.0
127,2020-04-20,World,2368417.0,2355853.0,167560.0,164656.0,12564.0,2904.0
128,2020-04-21,France,114411.0,114657.0,20394.0,20265.0,-246.0,129.0
129,2020-04-21,China,83935.0,83849.0,4681.0,4636.0,86.0,45.0
130,2020-04-21,Italy,182355.0,181228.0,24106.0,24114.0,1127.0,-8.0
131,2020-04-21,Spain,199216.0,200210.0,20957.0,20852.0,-994.0,105.0
132,2020-04-21,United States,791546.0,787752.0,42846.0,42539.0,3794.0,307.0
133,2020-04-21,World,2441558.0,2431890.0,169911.0,169859.0,9668.0,52.0
134,2020-04-22,France,116201.0,117324.0,20933.0,20796.0,-1123.0,137.0
135,2020-04-22,China,83971.0,83864.0,4679.0,4636.0,107.0,43.0
136,2020-04-22,Italy,184079.0,183957.0,24517.0,24648.0,122.0,-131.0
137,2020-04-22,Spain,204147.0,204178.0,21181.0,21282.0,-31.0,-101.0
138,2020-04-22,United States,810104.0,825041.0,44555.0,45063.0,-14937.0,-508.0
139,2020-04-22,World,2506418.0,2524815.0,174009.0,177780.0,-18397.0,-3771.0
140,2020-04-23,France,119836.0,119151.0,21470.0,21340.0,685.0,130.0
141,2020-04-23,China,83983.0,84118.0,4678.0,4636.0,-135.0,42.0
142,2020-04-23,Italy,186047.0,187327.0,25088.0,25085.0,-1280.0,3.0
143,2020-04-23,Spain,208165.0,208389.0,21613.0,21717.0,-224.0,-104.0
144,2020-04-23,United States,854031.0,842629.0,47596.0,46784.0,11402.0,812.0
145,2020-04-23,World,2604785.0,2588310.0,183944.0,182808.0,16475.0,1136.0
146,2020-04-24,France,121563.0,120804.0,21999.0,21856.0,759.0,143.0
147,2020-04-24,China,84321.0,83884.0,4676.0,4636.0,437.0,40.0
148,2020-04-24,Italy,190008.0,189973.0,25603.0,25549.0,35.0,54.0
149,2020-04-24,Spain,212118.0,213024.0,22092.0,22157.0,-906.0,-65.0
150,2020-04-24,United States,879350.0,869172.0,49105.0,49963.0,10178.0,-858.0
151,2020-04-24,World,2677276.0,2668135.0,189497.0,190236.0,9141.0,-739.0
152,2020-04-25,France,122665.0,122577.0,22488.0,22245.0,88.0,243.0
153,2020-04-25,China,83990.0,83899.0,4674.0,4636.0,91.0,38.0
154,2020-04-25,Italy,193273.0,192994.0,25970.0,25969.0,279.0,1.0
155,2020-04-25,Spain,217086.0,219764.0,22544.0,22524.0,-2678.0,20.0
156,2020-04-25,United States,883883.0,890524.0,52643.0,51017.0,-6641.0,1626.0
157,2020-04-25,World,2736818.0,2744744.0,196675.0,195707.0,-7926.0,968.0
158,2020-04-26,France,124378.0,124114.0,22781.0,22614.0,264.0,167.0
159,2020-04-26,China,84005.0,83909.0,4673.0,4636.0,96.0,37.0
160,2020-04-26,Italy,195593.0,195351.0,26417.0,26384.0,242.0,33.0
161,2020-04-26,Spain,224483.0,219764.0,22914.0,22524.0,4719.0,390.0
162,2020-04-26,United States,915431.0,939053.0,53571.0,53189.0,-23622.0,382.0
163,2020-04-26,World,2827149.0,2844712.0,202695.0,201315.0,-17563.0,1380.0
164,2020-04-26,United Kingdom,148341.0,148377.0,20173.0,20319.0,-36.0,-146.0
165,2020-04-26,Germany,154466.0,154175.0,5640.0,5640.0,291.0,0.0
166,2020-04-26,Iran,89240.0,89328.0,5663.0,5650.0,-88.0,13.0
167,2020-04-26,Turkey,107465.0,107773.0,2709.0,2706.0,-308.0,3.0
168,2020-04-27,France,125866.0,124575.0,23080.0,22856.0,1291.0,224.0
169,2020-04-27,China,84014.0,84199.0,4671.0,4639.0,-185.0,32.0
170,2020-04-27,Italy,198300.0,197675.0,26788.0,26644.0,625.0,144.0
171,2020-04-27,Spain,224483.0,207634.0,22914.0,23190.0,16849.0,-276.0
172,2020-04-27,United States,962705.0,965910.0,54700.0,54876.0,-3205.0,-176.0
173,2020-04-27,World,2926424.0,2914507.0,206213.0,205923.0,11917.0,290.0
174,2020-04-27,United Kingdom,153730.0,152840.0,21110.0,20732.0,890.0,378.0
175,2020-04-27,Germany,155883.0,155193.0,5764.0,5750.0,690.0,14.0
176,2020-04-27,Iran,90479.0,90481.0,5738.0,5710.0,-2.0,28.0
177,2020-04-27,Turkey,110305.0,110130.0,2807.0,2805.0,175.0,2.0
178,2020-04-28,France,125706.0,128339.0,23226.0,23293.0,-2633.0,-67.0
179,2020-04-28,China,84407.0,83938.0,4673.0,4637.0,469.0,36.0
180,2020-04-28,Italy,199956.0,199414.0,27031.0,26977.0,542.0,54.0
181,2020-04-28,Spain,208321.0,209465.0,23372.0,23190.0,-1144.0,182.0
182,2020-04-28,United States,1016390.0,988451.0,56952.0,56245.0,27939.0,707.0
183,2020-04-28,World,3021107.0,2982688.0,211180.0,210193.0,38419.0,987.0
184,2020-04-28,United Kingdom,157587.0,157149.0,21378.0,21092.0,438.0,286.0
185,2020-04-28,Germany,156428.0,156337.0,5863.0,5913.0,91.0,-50.0
186,2020-04-28,Iran,91607.0,91472.0,5780.0,5806.0,135.0,-26.0
187,2020-04-28,Turkey,112255.0,112261.0,2902.0,2900.0,-6.0,2.0
188,2020-04-29,France,130141.0,126835.0,23715.0,23660.0,3306.0,55.0
189,2020-04-29,China,84042.0,83940.0,4670.0,4637.0,102.0,33.0
190,2020-04-29,Italy,201633.0,201505.0,27211.0,27359.0,128.0,-148.0
191,2020-04-29,Spain,210679.0,210773.0,23372.0,23822.0,-94.0,-450.0
192,2020-04-29,United States,1012803.0,1012583.0,57786.0,58355.0,220.0,-569.0
193,2020-04-29,World,3068693.0,3052370.0,213200.0,216563.0,16323.0,-3363.0
194,2020-04-29,United Kingdom,161420.0,161145.0,21356.0,21678.0,275.0,-322.0
195,2020-04-29,Germany,157018.0,157641.0,6046.0,6115.0,-623.0,-69.0
196,2020-04-29,Iran,92576.0,92584.0,5869.0,5877.0,-8.0,-8.0
197,2020-04-29,Turkey,113857.0,114653.0,2988.0,2992.0,-796.0,-4.0
198,2020-04-30,France,128003.0,128442.0,24113.0,24087.0,-439.0,26.0
199,2020-04-30,China,84040.0,83944.0,4669.0,4637.0,96.0,32.0
200,2020-04-30,Italy,203170.0,203591.0,27679.0,27682.0,-421.0,-3.0
201,2020-04-29,Spain,211977.0,212917.0,23782.0,24275.0,-940.0,-493.0
202,2020-04-30,United States,1033214.0,1039909.0,60038.0,60966.0,-6695.0,-928.0
203,2020-04-30,World,3119609.0,3130800.0,221290.0,227771.0,-11191.0,-6481.0
204,2020-04-30,United Kingdom,165163.0,165221.0,22039.0,26097.0,-58.0,-4058.0
205,2020-04-30,Germany,158505.0,159119.0,6303.0,6288.0,-614.0,15.0
206,2020-04-30,Iran,93577.0,93657.0,5968.0,5957.0,-80.0,11.0
207,2020-04-30,Turkey,116197.0,117589.0,3077.0,3801.0,-1392.0,-724.0
208,2020-05-01,France,129729.0,129581.0,24538.0,24376.0,148.0,162.0
209,2020-05-01,China,84037.0,83956.0,4668.0,4637.0,81.0,31.0
210,2020-05-01,Italy,205632.0,205463.0,28051.0,27967.0,169.0,84.0
211,2020-05-01,Spain,213901.0,213435.0,24895.0,24543.0,466.0,352.0
212,2020-05-01,United States,1063552.0,1069826.0,63397.0,63006.0,-6274.0,391.0
213,2020-05-01,World,3207159.0,3214256.0,235249.0,232570.0,-7097.0,2679.0
214,2020-05-01,United Kingdom,168985.0,171253.0,28968.0,26771.0,-2268.0,2197.0
215,2020-05-01,Germany,160188.0,159119.0,6481.0,6288.0,1069.0,193.0
216,2020-05-01,Iran,94745.0,94640.0,6027.0,6028.0,105.0,-1.0
217,2020-05-01,Turkey,119677.0,120204.0,3881.0,3174.0,-527.0,707.0
218,2020-05-02,France,131041.0,130185.0,24777.0,24594.0,856.0,183.0
219,2020-05-02,China,84051.0,83959.0,4667.0,4637.0,92.0,30.0
220,2020-05-02,Italy,207500.0,207428.0,28274.0,28236.0,72.0,38.0
221,2020-05-02,Spain,214814.0,215216.0,24966.0,24824.0,-402.0,142.0
222,2020-05-02,United States,1098518.0,1103781.0,65542.0,65068.0,-5263.0,474.0
223,2020-05-02,World,3295073.0,3307600.0,239208.0,238431.0,-12527.0,777.0
224,2020-05-02,United Kingdom,175740.0,177454.0,27528.0,27510.0,-1714.0,18.0
225,2020-05-02,Germany,159970.0,161703.0,6368.0,6575.0,-1733.0,-207.0
226,2020-05-02,Iran,95676.0,95646.0,6107.0,6091.0,30.0,16.0
227,2020-05-02,Turkey,122827.0,122392.0,3255.0,3258.0,435.0,-3.0
228,2020-05-03,France,131141.0,130979.0,24892.0,24760.0,162.0,132.0
229,2020-05-03,China,84051.0,83961.0,4666.0,4637.0,90.0,29.0
230,2020-05-03,Italy,209269.0,209328.0,28506.0,28710.0,-59.0,-204.0
231,2020-05-03,Spain,215371.0,216582.0,25059.0,25100.0,-1211.0,-41.0
232,2020-05-03,United States,1135545.0,1133069.0,67208.0,66385.0,2476.0,823.0
233,2020-05-03,World,3396558.0,3388665.0,244256.0,243312.0,7893.0,944.0
234,2020-05-03,United Kingdom,183756.0,182260.0,28208.0,28131.0,1496.0,77.0
235,2020-05-03,Germany,161928.0,162496.0,6684.0,6649.0,-568.0,35.0
236,2020-05-03,Iran,96609.0,96448.0,6169.0,6156.0,161.0,13.0
237,2020-05-03,Turkey,124743.0,124375.0,3343.0,3336.0,368.0,7.0
238,2020-05-04,France,131635.0,131287.0,24993.0,24895.0,348.0,98.0
239,2020-05-04,China,84049.0,83964.0,4665.0,4637.0,85.0,28.0
240,2020-05-04,Italy,211271.0,210717.0,28980.0,28884.0,554.0,96.0
241,2020-05-03,Spain,217901.0,217466.0,25352.0,25264.0,435.0,88.0
242,2020-05-04,United States,1168441.0,1158041.0,68226.0,67682.0,10400.0,544.0
243,2020-05-04,World,3485103.0,3467321.0,249072.0,246979.0,17782.0,2093.0
244,2020-05-04,United Kingdom,188367.0,186599.0,28827.0,28446.0,1768.0,381.0
245,2020-05-04,Germany,164575.0,163175.0,6873.0,6692.0,1400.0,181.0
246,2020-05-04,Iran,97392.0,97424.0,6226.0,6203.0,-32.0,23.0
247,2020-05-04,Turkey,126270.0,126045.0,3411.0,3397.0,225.0,14.0
248,2020-05-05,France,131903.0,131863.0,25082.0,25201.0,40.0,-119.0
249,2020-05-05,China,84051.0,83966.0,4664.0,4637.0,85.0,27.0
250,2020-05-05,Italy,212580.0,211938.0,29347.0,29079.0,642.0,268.0
251,2020-05-05,Spain,218517.0,218011.0,25504.0,25428.0,506.0,76.0
252,2020-05-05,United States,1188404.0,1180634.0,68930.0,68934.0,7770.0,-4.0
253,2020-05-05,World,3552698.0,3544222.0,251713.0,250977.0,8476.0,736.0
254,2020-05-05,United Kingdom,191279.0,190584.0,28924.0,28734.0,695.0,190.0
255,2020-05-05,Germany,163670.0,163860.0,6747.0,6831.0,-190.0,-84.0
256,2020-05-05,Iran,98223.0,98647.0,6274.0,6277.0,-424.0,-3.0
257,2020-05-05,Turkey,127710.0,127659.0,3463.0,3461.0,51.0,2.0
258,2020-05-06,France,132226.0,132967.0,25449.0,25531.0,-741.0,-82.0
259,2020-05-06,China,84051.0,83968.0,4664.0,4637.0,83.0,27.0
260,2020-05-06,Italy,213292.0,213013.0,29240.0,29315.0,279.0,-75.0
261,2020-05-06,Spain,218700.0,219329.0,25556.0,25613.0,-629.0,-57.0
262,2020-05-06,United States,1206402.0,1204475.0,70150.0,71078.0,1927.0,-928.0
263,2020-05-06,World,3627046.0,3623803.0,254527.0,256880.0,3243.0,-2353.0
264,2020-05-06,United Kingdom,195005.0,194990.0,28954.0,29427.0,15.0,-473.0
265,2020-05-06,Germany,164272.0,164897.0,6915.0,6996.0,-625.0,-81.0
266,2020-05-06,Iran,99643.0,99970.0,6333.0,6340.0,-327.0,-7.0
267,2020-05-06,Turkey,129021.0,129491.0,3509.0,3520.0,-470.0,-11.0
268,2020-05-07,France,133688.0,137150.0,25872.0,25809.0,-3462.0,63.0
269,2020-05-07,China,84052.0,83970.0,4663.0,4637.0,82.0,26.0
270,2020-05-07,Italy,214204.0,214457.0,29503.0,29684.0,-253.0,-181.0
271,2020-05-06,Spain,219764.0,220325.0,25747.0,25857.0,-561.0,-110.0
272,2020-05-07,United States,1228039.0,1228603.0,72618.0,73431.0,-564.0,-813.0
273,2020-05-07,World,3705644.0,3713796.0,261219.0,263288.0,-8152.0,-2069.0
274,2020-05-07,United Kingdom,199277.0,201201.0,29809.0,30076.0,-1924.0,-267.0
275,2020-05-07,Germany,165397.0,166091.0,7151.0,7119.0,-694.0,32.0
276,2020-05-07,Iran,101198.0,101650.0,6420.0,6418.0,-452.0,2.0
277,2020-05-07,Turkey,130862.0,131744.0,3573.0,3584.0,-882.0,-11.0
278,2020-05-08,France,139158.0,137779.0,26137.0,25987.0,1379.0,150.0
279,2020-05-08,China,84053.0,83976.0,4662.0,4637.0,77.0,25.0
280,2020-05-08,Italy,215534.0,215858.0,29923.0,29958.0,-324.0,-35.0
281,2020-05-08,Spain,221508.0,221447.0,26021.0,26070.0,61.0,-49.0
282,2020-05-08,United States,1253521.0,1256972.0,75713.0,75670.0,-3451.0,43.0
283,2020-05-08,World,3799025.0,3807852.0,269575.0,269068.0,-8827.0,507.0
284,2020-05-08,United Kingdom,206110.0,206715.0,30756.0,30615.0,-605.0,141.0
285,2020-05-08,Germany,166938.0,167300.0,7273.0,7266.0,-362.0,7.0
286,2020-05-08,Iran,103019.0,103135.0,6489.0,6486.0,-116.0,3.0
287,2020-05-08,Turkey,133414.0,133721.0,3634.0,3641.0,-307.0,-7.0
288,2020-05-09,France,140930.0,138421.0,26244.0,26230.0,2509.0,14.0
289,2020-05-09,China,84059.0,83976.0,4662.0,4637.0,83.0,25.0
290,2020-05-09,Italy,217307.0,217185.0,30326.0,30201.0,122.0,125.0
291,2020-05-08,Spain,222338.0,222857.0,26294.0,26251.0,-519.0,43.0
292,2020-05-09,United States,1282648.0,1283929.0,78069.0,77180.0,-1281.0,889.0
293,2020-05-09,World,3902831.0,3898658.0,275545.0,274290.0,4173.0,1255.0
294,2020-05-09,United Kingdom,213241.0,211364.0,31225.0,31241.0,1877.0,-16.0
295,2020-05-09,Germany,168312.0,168551.0,7402.0,7369.0,-239.0,33.0
296,2020-05-09,Iran,104803.0,104691.0,6570.0,6541.0,112.0,29.0
297,2020-05-09,Turkey,135805.0,135569.0,3696.0,3689.0,236.0,7.0
298,2020-05-10,France,139103.0,138854.0,26459.0,26310.0,249.0,149.0
299,2020-05-10,China,84057.0,83991.0,4661.0,4637.0,66.0,24.0
300,2020-05-10,Italy,218598.0,218268.0,30475.0,30395.0,330.0,80.0
301,2020-05-09,Spain,223898.0,223578.0,26444.0,26478.0,320.0,-34.0
302,2020-05-10,United States,1313688.0,1309541.0,79268.0,78794.0,4147.0,474.0
303,2020-05-10,World,3999054.0,3986119.0,280320.0,278814.0,12935.0,1506.0
304,2020-05-10,United Kingdom,217202.0,215260.0,31793.0,31587.0,1942.0,206.0
305,2020-05-10,Germany,169722.0,169218.0,7504.0,7395.0,504.0,109.0
306,2020-05-10,Iran,106248.0,106220.0,6615.0,6589.0,28.0,26.0
307,2020-05-10,Turkey,137378.0,137115.0,3736.0,3739.0,263.0,-3.0
308,2020-05-11,France,139474.0,139063.0,26506.0,26380.0,411.0,126.0
309,2020-05-11,China,84074.0,84010.0,4660.0,4637.0,64.0,23.0
310,2020-05-11,Italy,219608.0,219070.0,30638.0,30560.0,538.0,78.0
311,2020-05-10,Spain,224870.0,224390.0,26643.0,26621.0,480.0,22.0
312,2020-05-11,United States,1337882.0,1329799.0,80338.0,79528.0,8083.0,810.0
313,2020-05-11,World,4082564.0,4063525.0,284328.0,282244.0,19039.0,2084.0
314,2020-05-11,United Kingdom,220227.0,219183.0,32123.0,31855.0,1044.0,268.0
315,2020-05-11,Germany,170437.0,169575.0,7470.0,7417.0,862.0,53.0
316,2020-05-11,Iran,107848.0,107603.0,6652.0,6640.0,245.0,12.0
317,2020-05-11,Turkey,138782.0,138657.0,3778.0,3786.0,125.0,-8.0
318,2020-05-12,France,139466.0,139519.0,26478.0,26643.0,-53.0,-165.0
319,2020-05-12,China,84098.0,84011.0,4660.0,4637.0,87.0,23.0
320,2020-05-12,Italy,220169.0,219814.0,30754.0,30739.0,355.0,15.0
321,2020-05-11,Spain,225035.0,227436.0,26829.0,26744.0,-2401.0,85.0
322,2020-05-12,United States,1356465.0,1347916.0,80864.0,80684.0,8549.0,180.0
323,2020-05-12,World,4157379.0,4137193.0,286860.0,285760.0,20186.0,1100.0
324,2020-05-12,United Kingdom,223436.0,223060.0,32133.0,32065.0,376.0,68.0
325,2020-05-12,Germany,170236.0,170508.0,7435.0,7533.0,-272.0,-98.0
326,2020-05-12,Iran,109209.0,109286.0,6696.0,6685.0,-77.0,11.0
327,2020-05-12,Turkey,140036.0,139771.0,3828.0,3841.0,265.0,-13.0
328,2020-05-13,France,139834.0,140227.0,26808.0,26991.0,-393.0,-183.0
329,2020-05-13,China,84093.0,84018.0,4659.0,4637.0,75.0,22.0
330,2020-05-13,Italy,220643.0,221216.0,30907.0,30911.0,-573.0,-4.0
331,2020-05-12,Spain,228283.0,228030.0,26869.0,26920.0,253.0,-51.0
332,2020-05-13,United States,1369131.0,1369964.0,81422.0,82387.0,-833.0,-965.0
333,2020-05-13,World,4223326.0,4223047.0,289384.0,291519.0,279.0,-2135.0
334,2020-05-13,United Kingdom,227330.0,226463.0,32261.0,32692.0,867.0,-431.0
335,2020-05-13,Germany,170916.0,171306.0,7586.0,7634.0,-390.0,-48.0
336,2020-05-13,Iran,110773.0,110767.0,6744.0,6733.0,6.0,11.0
337,2020-05-13,Turkey,141125.0,141475.0,3881.0,3894.0,-350.0,-13.0
338,2020-05-14,France,140782.0,140734.0,27296.0,27074.0,48.0,222.0
339,2020-05-14,China,84096.0,84024.0,4659.0,4637.0,72.0,22.0
340,2020-05-14,Italy,222018.0,222104.0,31094.0,33106.0,-86.0,-2012.0
341,2020-05-13,Spain,230903.0,228691.0,27030.0,27104.0,2212.0,-74.0
342,2020-05-14,United States,1389482.0,1390746.0,83667.0,84133.0,-1264.0,-466.0
343,2020-05-14,World,4301865.0,4308809.0,295534.0,298680.0,-6944.0,-3146.0
344,2020-05-14,United Kingdom,230637.0,229705.0,32973.0,33186.0,932.0,-213.0
345,2020-05-14,Germany,172246.0,172239.0,7747.0,7723.0,7.0,24.0
346,2020-05-14,Iran,112510.0,112725.0,6786.0,6783.0,-215.0,3.0
347,2020-05-14,Turkey,142465.0,143114.0,3943.0,3952.0,-649.0,-9.0
348,2020-05-15,France,141408.0,141356.0,27333.0,27425.0,52.0,-92.0
349,2020-05-15,China,84102.0,84029.0,4658.0,4637.0,73.0,21.0
350,2020-05-15,Italy,223534.0,223096.0,33372.0,31368.0,438.0,2004.0
351,2020-05-14,Spain,229116.0,229540.0,27269.0,27321.0,-424.0,-52.0
352,2020-05-15,United States,1414057.0,1417889.0,85866.0,85906.0,-3832.0,-40.0
353,2020-05-15,World,4401787.0,4405680.0,304838.0,302115.0,-3893.0,2723.0
354,2020-05-15,United Kingdom,233406.0,233151.0,33776.0,33614.0,255.0,162.0
355,2020-05-15,Germany,173063.0,173152.0,7821.0,7824.0,-89.0,-3.0
356,2020-05-15,Iran,114302.0,114533.0,6839.0,6854.0,-231.0,-15.0
357,2020-05-15,Turkey,144691.0,144749.0,4000.0,4007.0,-58.0,-7.0
358,2020-05-16,France,141915.0,141919.0,27622.0,27529.0,-4.0,93.0
359,2020-05-16,China,84105.0,84038.0,4658.0,4637.0,67.0,21.0
360,2020-05-16,Italy,224038.0,223885.0,31571.0,31610.0,153.0,-39.0
361,2020-05-15,Spain,229948.0,230183.0,27496.0,27459.0,-235.0,37.0
362,2020-05-16,United States,1440429.0,1443397.0,87679.0,87568.0,-2968.0,111.0
363,2020-05-16,World,4499233.0,4503836.0,307646.0,307295.0,-4603.0,351.0
364,2020-05-16,United Kingdom,236718.0,236711.0,34078.0,33998.0,7.0,80.0
365,2020-05-16,Germany,174103.0,173772.0,7917.0,7881.0,331.0,36.0
366,2020-05-16,Iran,116516.0,116635.0,6912.0,6902.0,-119.0,10.0
367,2020-05-16,Turkey,146270.0,146457.0,4060.0,4055.0,-187.0,5.0
368,2020-05-17,France,142542.0,142291.0,27800.0,27625.0,251.0,175.0
369,2020-05-17,China,84115.0,84044.0,4657.0,4638.0,71.0,19.0
370,2020-05-17,Italy,224928.0,224760.0,31878.0,31763.0,168.0,115.0
371,2020-05-16,Spain,230980.0,230698.0,27665.0,27563.0,282.0,102.0
372,2020-05-17,United States,1471945.0,1467884.0,89335.0,88754.0,4061.0,581.0
373,2020-05-17,World,4607421.0,4597894.0,312995.0,311588.0,9527.0,1407.0
374,2020-05-17,United Kingdom,240481.0,240161.0,34396.0,34466.0,320.0,-70.0
375,2020-05-17,Germany,174696.0,174355.0,7969.0,7914.0,341.0,55.0
376,2020-05-17,Iran,118496.0,118392.0,6978.0,6937.0,104.0,41.0
377,2020-05-17,Turkey,147984.0,148067.0,4105.0,4096.0,-83.0,9.0
378,2020-05-18,France,142822.0,142411.0,27743.0,28108.0,411.0,-365.0
379,2020-05-18,China,84120.0,84054.0,4658.0,4638.0,66.0,20.0
380,2020-05-18,Italy,225614.0,225435.0,32010.0,31908.0,179.0,102.0
381,2020-05-17,Spain,231302.0,231350.0,27691.0,27650.0,-48.0,41.0
382,2020-05-18,United States,1494905.0,1486757.0,90314.0,89562.0,8148.0,752.0
383,2020-05-18,World,4703106.0,4679511.0,317047.0,315005.0,23595.0,2042.0
384,2020-05-18,United Kingdom,244031.0,243695.0,34849.0,34636.0,336.0,213.0
385,2020-05-18,Germany,175011.0,174697.0,7962.0,7935.0,314.0,27.0
386,2020-05-18,Iran,120508.0,120198.0,6993.0,6988.0,310.0,5.0
387,2020-05-18,Turkey,149666.0,149435.0,4139.0,4140.0,231.0,-1.0
388,2020-05-19,France,142738.0,142903.0,28347.0,28239.0,-165.0,108.0
389,2020-05-19,China,84129.0,84063.0,4658.0,4638.0,66.0,20.0
390,2020-05-19,Italy,226372.0,225886.0,32070.0,32007.0,486.0,63.0
391,2020-05-18,Spain,231843.0,231606.0,27746.0,27709.0,237.0,37.0
392,2020-05-19,United States,1512627.0,1508598.0,90617.0,90353.0,4029.0,264.0
393,2020-05-19,World,4781688.0,4766468.0,319613.0,318201.0,15220.0,1412.0
394,2020-05-19,United Kingdom,247469.0,246406.0,35022.0,34796.0,1063.0,226.0
395,2020-05-19,Germany,175312.0,175210.0,7962.0,8007.0,102.0,-45.0
396,2020-05-19,Iran,122031.0,122492.0,7032.0,7057.0,-461.0,-25.0
397,2020-05-19,Turkey,150934.0,150593.0,4176.0,4171.0,341.0,5.0
398,2020-05-20,France,143133.0,143427.0,28604.0,28022.0,-294.0,582.0
399,2020-05-20,China,84138.0,84065.0,4657.0,4638.0,73.0,19.0
400,2020-05-20,Italy,226632.0,226699.0,32161.0,32169.0,-67.0,-8.0
401,2020-05-19,Spain,232222.0,232037.0,27788.0,27778.0,185.0,10.0
402,2020-05-20,United States,1529314.0,1528568.0,91075.0,91921.0,746.0,-846.0
403,2020-05-20,World,4857233.0,4861456.0,321961.0,322483.0,-4223.0,-522.0
404,2020-05-20,United Kingdom,250205.0,248818.0,34919.0,35341.0,1387.0,-422.0
405,2020-05-20,Germany,175612.0,176007.0,8040.0,8090.0,-395.0,-50.0
406,2020-05-20,Iran,124365.0,124603.0,7115.0,7119.0,-238.0,-4.0
407,2020-05-20,Turkey,151856.0,151615.0,4210.0,4199.0,241.0,11.0
408,2020-05-21,France,143936.0,143845.0,28056.0,28132.0,91.0,-76.0
409,2020-05-21,China,84137.0,84067.0,4657.0,4638.0,70.0,19.0
410,2020-05-21,Italy,227241.0,227364.0,32281.0,32330.0,-123.0,-49.0
411,2020-05-20,Spain,232289.0,232555.0,27831.0,27888.0,-266.0,-57.0
412,2020-05-21,United States,1552031.0,1551853.0,92830.0,93439.0,178.0,-609.0
413,2020-05-21,World,4957706.0,4960975.0,326147.0,327904.0,-3269.0,-1757.0
414,2020-05-21,United Kingdom,251816.0,248293.0,35552.0,35704.0,3523.0,-152.0
415,2020-05-21,Germany,176577.0,176752.0,8164.0,8147.0,-175.0,17.0
416,2020-05-21,Iran,126889.0,126949.0,7193.0,7183.0,-60.0,10.0
417,2020-05-21,Turkey,152677.0,152587.0,4225.0,4222.0,90.0,3.0
418,2020-05-22,France,144352.0,144163.0,28263.0,28215.0,189.0,48.0
419,2020-05-22,China,84136.0,84079.0,4656.0,4638.0,57.0,18.0
420,2020-05-22,Italy,228251.0,228006.0,32503.0,32486.0,245.0,17.0
421,2020-05-21,Spain,232979.0,233037.0,27954.0,27940.0,-58.0,14.0
422,2020-05-22,United States,1573720.0,1577287.0,95001.0,94702.0,-3567.0,299.0
423,2020-05-22,World,5064423.0,5067579.0,333454.0,332711.0,-3156.0,743.0
424,2020-05-22,United Kingdom,250729.0,250908.0,36206.0,36042.0,-179.0,164.0
425,2020-05-22,Germany,177581.0,177212.0,8223.0,8174.0,369.0,49.0
426,2020-05-22,Iran,129088.0,129341.0,7251.0,7249.0,-253.0,2.0
427,2020-05-22,Turkey,153522.0,153548.0,4245.0,4249.0,-26.0,-4.0
428,2020-05-23,France,144568.0,144566.0,28327.0,28289.0,2.0,38.0
429,2020-05-23,China,84151.0,84081.0,4656.0,4638.0,70.0,18.0
430,2020-05-23,Italy,228755.0,228658.0,32658.0,32616.0,97.0,42.0
431,2020-05-22,Spain,233546.0,234824.0,28044.0,28628.0,-1278.0,-584.0
432,2020-05-23,United States,1602338.0,1601434.0,96171.0,96007.0,904.0,164.0
433,2020-05-23,World,5175192.0,5175476.0,337886.0,338039.0,-284.0,-153.0
434,2020-05-23,United Kingdom,250817.0,254195.0,36385.0,36393.0,-3378.0,-8.0
435,2020-05-23,Germany,177988.0,177850.0,8222.0,8216.0,138.0,6.0
436,2020-05-23,Iran,131680.0,131652.0,7319.0,7300.0,28.0,19.0
437,2020-05-23,Turkey,154441.0,154500.0,4268.0,4276.0,-59.0,-8.0
438,2020-05-23,Brazil,330187.0,330890.0,21162.0,21048.0,-703.0,114.0
439,2020-05-24,France,144913.0,144806.0,28380.0,28332.0,107.0,48.0
440,2020-05-24,China,84151.0,84084.0,4656.0,4638.0,67.0,18.0
441,2020-05-24,Italy,229388.0,229327.0,32784.0,32735.0,61.0,49.0
442,2020-05-23,Spain,235330.0,235290.0,28692.0,28678.0,40.0,14.0
443,2020-05-24,United States,1628484.0,1622670.0,97265.0,97087.0,5814.0,178.0
444,2020-05-24,World,5291061.0,5273572.0,343799.0,341722.0,17489.0,2077.0
445,2020-05-23,United Kingdom,257154.0,254195.0,36730.0,36393.0,2959.0,337.0
446,2020-05-24,Germany,178373.0,178281.0,8245.0,8247.0,92.0,-2.0
447,2020-05-24,Iran,134040.0,133521.0,7371.0,7359.0,519.0,12.0
448,2020-05-24,Turkey,155388.0,155686.0,4299.0,4308.0,-298.0,-9.0
449,2020-05-24,Brazil,351891.0,347398.0,22285.0,22013.0,4493.0,272.0
450,2020-05-25,France,145181.0,144921.0,28408.0,28367.0,260.0,41.0
451,2020-05-25,China,84151.0,84095.0,4655.0,4638.0,56.0,17.0
452,2020-05-25,Italy,230069.0,229858.0,32879.0,32785.0,211.0,94.0
453,2020-05-24,Spain,236992.0,235772.0,29335.0,28752.0,1220.0,583.0
454,2020-05-25,United States,1648540.0,1643238.0,98338.0,97720.0,5302.0,618.0
455,2020-05-25,World,5389479.0,5371700.0,346793.0,344815.0,17779.0,1978.0
456,2020-05-25,United Kingdom,257154.0,259559.0,36730.0,36793.0,-2405.0,-63.0
457,2020-05-25,Germany,178961.0,178570.0,8284.0,8257.0,391.0,27.0
458,2020-05-25,Iran,135864.0,135701.0,7418.0,7417.0,163.0,1.0
459,2020-05-25,Turkey,156578.0,156827.0,4332.0,4340.0,-249.0,-8.0
460,2020-05-25,Brazil,369665.0,363211.0,23203.0,22666.0,6454.0,537.0
461,2020-05-26,France,145145.0,145279.0,28419.0,28432.0,-134.0,-13.0
462,2020-05-26,China,84164.0,84102.0,4655.0,4638.0,62.0,17.0
463,2020-05-26,Italy,230617.0,230158.0,32918.0,32877.0,459.0,41.0
464,2020-05-25,Spain,236249.0,235400.0,28811.0,26834.0,849.0,1977.0
465,2020-05-26,United States,1666456.0,1662302.0,98686.0,98220.0,4154.0,466.0
466,2020-05-26,World,5484451.0,5459526.0,349227.0,345994.0,24925.0,3233.0
467,2020-05-26,United Kingdom,262800.0,261184.0,37105.0,36914.0,1616.0,191.0
468,2020-05-26,Germany,179060.0,179002.0,8281.0,8302.0,58.0,-21.0
469,2020-05-26,Iran,137684.0,137724.0,7482.0,7451.0,-40.0,31.0
470,2020-05-26,Turkey,157941.0,157814.0,4369.0,4369.0,127.0,0.0
471,2020-05-26,Brazil,384674.0,374898.0,23774.0,23473.0,9776.0,301.0
472,2020-05-27,France,145457.0,145555.0,28486.0,28530.0,-98.0,-44.0
473,2020-05-27,China,84171.0,84103.0,4655.0,4638.0,68.0,17.0
474,2020-05-27,Italy,230789.0,230555.0,32945.0,32955.0,234.0,-10.0
475,2020-05-26,Spain,235879.0,236259.0,26614.0,27117.0,-380.0,-503.0
476,2020-05-27,United States,1684896.0,1681212.0,98762.0,98916.0,3684.0,-154.0
477,2020-05-27,World,5568119.0,5555708.0,347524.0,350212.0,12411.0,-2688.0
478,2020-05-27,United Kingdom,263885.0,265227.0,37078.0,37048.0,-1342.0,30.0
479,2020-05-27,Germany,179368.0,179364.0,8317.0,8349.0,4.0,-32.0
480,2020-05-27,Iran,139969.0,139511.0,7516.0,7508.0,458.0,8.0
481,2020-05-27,Turkey,158885.0,158762.0,4398.0,4397.0,123.0,1.0
482,2020-05-27,Brazil,393596.0,391222.0,24369.0,24512.0,2374.0,-143.0
483,2020-05-28,France,145900.0,145746.0,28612.0,28596.0,154.0,16.0
484,2020-05-28,China,84168.0,84106.0,4654.0,4638.0,62.0,16.0
485,2020-05-28,Italy,230971.0,231139.0,33063.0,33072.0,-168.0,-9.0
486,2020-05-27,Spain,235969.0,236769.0,25252.0,27118.0,-800.0,-1866.0
487,2020-05-28,United States,1702439.0,1699933.0,99451.0,100442.0,2506.0,-991.0
488,2020-05-28,World,5660575.0,5656615.0,354107.0,355355.0,3960.0,-1248.0
489,2020-05-28,United Kingdom,267325.0,267240.0,37215.0,37460.0,85.0,-245.0
490,2020-05-28,Germany,179859.0,179717.0,8393.0,8411.0,142.0,-18.0
491,2020-05-28,Iran,141644.0,141591.0,7552.0,7564.0,53.0,-12.0
492,2020-05-28,Turkey,159691.0,158762.0,4423.0,4397.0,929.0,26.0
493,2020-05-28,Brazil,407634.0,411821.0,25551.0,25598.0,-4187.0,-47.0
494,2020-05-29,France,146011.0,149071.0,28691.0,28662.0,-3060.0,29.0
495,2020-05-29,China,84169.0,84106.0,4654.0,4638.0,63.0,16.0
496,2020-05-29,Italy,231648.0,231732.0,33168.0,33142.0,-84.0,26.0
497,2020-05-28,Spain,237618.0,237906.0,27327.0,27119.0,-288.0,208.0
498,2020-05-29,United States,1721026.0,1721750.0,101275.0,101617.0,-724.0,-342.0
499,2020-05-29,World,5767025.0,5776934.0,359764.0,360089.0,-9909.0,-325.0
500,2020-05-29,United Kingdom,271445.0,269127.0,37653.0,37837.0,2318.0,-184.0
501,2020-05-29,Germany,180149.0,180458.0,8459.0,8450.0,-309.0,9.0
502,2020-05-29,Iran,143531.0,143849.0,7628.0,7627.0,-318.0,1.0
503,2020-05-29,Turkey,159634.0,160979.0,4421.0,4461.0,-1345.0,-40.0
504,2020-05-29,Brazil,432188.0,438238.0,26785.0,26754.0,-6050.0,31.0
505,2020-05-30,France,149851.0,149668.0,28735.0,28714.0,183.0,21.0
506,2020-05-30,China,84168.0,84123.0,4654.0,4638.0,45.0,16.0
507,2020-05-30,Italy,232416.0,232248.0,33274.0,33229.0,168.0,45.0
508,2020-05-29,Spain,238442.0,238564.0,27139.0,27121.0,-122.0,18.0
509,2020-05-30,United States,1742733.0,1747087.0,103211.0,102836.0,-4354.0,375.0
510,2020-05-30,World,5890817.0,5899866.0,365548.0,364891.0,-9049.0,657.0
511,2020-05-30,United Kingdom,271514.0,271222.0,38271.0,38161.0,292.0,110.0
512,2020-05-30,Germany,180889.0,181196.0,8506.0,8489.0,-307.0,17.0
513,2020-05-30,Iran,146022.0,146668.0,7690.0,7677.0,-646.0,13.0
514,2020-05-30,Turkey,161024.0,162120.0,4460.0,4489.0,-1096.0,-29.0
515,2020-05-30,Brazil,462311.0,465166.0,27995.0,27878.0,-2855.0,117.0
516,2020-05-31,France,152340.0,151496.0,28783.0,28771.0,844.0,12.0
517,2020-05-31,China,84190.0,84128.0,4654.0,4638.0,62.0,16.0
518,2020-05-31,Italy,232942.0,232664.0,33317.0,33340.0,278.0,-23.0
519,2020-05-30,Spain,239675.0,239228.0,27140.0,27125.0,447.0,15.0
520,2020-05-31,United States,1770902.0,1770384.0,104130.0,103781.0,518.0,349.0
521,2020-05-31,World,6027384.0,6028135.0,370009.0,368944.0,-751.0,1065.0
522,2020-05-31,United Kingdom,273498.0,272826.0,38563.0,38376.0,672.0,187.0
523,2020-05-31,Germany,181976.0,181482.0,8526.0,8500.0,494.0,26.0
524,2020-05-31,Iran,148967.0,148950.0,7746.0,7734.0,17.0,12.0
525,2020-05-31,Turkey,164188.0,163103.0,4549.0,4515.0,1085.0,34.0
526,2020-05-31,Brazil,492746.0,498440.0,29174.0,28834.0,-5694.0,340.0
527,2020-06-01,France,152320.0,151753.0,28831.0,28802.0,567.0,29.0
528,2020-06-01,China,84195.0,84147.0,4653.0,4638.0,48.0,15.0
529,2020-06-01,Italy,233288.0,233019.0,33444.0,33415.0,269.0,29.0
530,2020-05-31,Spain,239901.0,239429.0,27145.0,27127.0,472.0,18.0
531,2020-06-01,United States,1797391.0,1790191.0,105105.0,104383.0,7200.0,722.0
532,2020-06-01,World,6158466.0,6136085.0,374127.0,371857.0,22381.0,2270.0
533,2020-06-01,United Kingdom,275268.0,274762.0,38729.0,38489.0,506.0,240.0
534,2020-06-01,Germany,182255.0,181815.0,8532.0,8511.0,440.0,21.0
535,2020-06-01,Iran,151724.0,151466.0,7792.0,7797.0,258.0,-5.0
536,2020-06-01,Turkey,164193.0,163942.0,4541.0,4540.0,251.0,1.0
537,2020-06-01,Brazil,528060.0,514849.0,30107.0,29314.0,13211.0,793.0
538,2020-06-02,France,153238.0,152091.0,28859.0,28833.0,1147.0,26.0
539,2020-06-02,China,84215.0,84154.0,4653.0,4638.0,61.0,15.0
540,2020-06-02,Italy,233552.0,233197.0,33542.0,33475.0,355.0,67.0
541,2020-06-01,Spain,240105.0,239638.0,27147.0,27940.0,467.0,-793.0
542,2020-06-02,United States,1815465.0,1811277.0,105457.0,105147.0,4188.0,310.0
543,2020-06-02,World,6273925.0,6245352.0,376387.0,376427.0,28573.0,-40.0
544,2020-06-02,United Kingdom,276769.0,276332.0,38743.0,39045.0,437.0,-302.0
545,2020-06-02,Germany,182184.0,182028.0,8520.0,8522.0,156.0,-2.0
546,2020-06-02,Iran,153822.0,154445.0,7860.0,7878.0,-623.0,-18.0
547,2020-06-02,Turkey,164878.0,164769.0,4564.0,4563.0,109.0,1.0
548,2020-06-02,Brazil,547482.0,526447.0,30341.0,29937.0,21035.0,404.0
549,2020-06-03,France,152390.0,151325.0,28871.0,28940.0,1065.0,-69.0
550,2020-06-03,China,84221.0,84159.0,4653.0,4645.0,62.0,8.0
551,2020-06-03,Italy,233675.0,233515.0,33569.0,33530.0,160.0,39.0
552,2020-06-02,Spain,239890.0,239932.0,28126.0,27940.0,-42.0,186.0
553,2020-06-03,United States,1833479.0,1831821.0,105924.0,106181.0,1658.0,-257.0
554,2020-06-03,World,6372193.0,6348900.0,380684.0,380810.0,23293.0,-126.0
555,2020-06-03,United Kingdom,278620.0,277985.0,39226.0,39369.0,635.0,-143.0
556,2020-06-03,Germany,182438.0,182370.0,8531.0,8551.0,68.0,-20.0
557,2020-06-03,Iran,156970.0,157562.0,7946.0,7942.0,-592.0,4.0
558,2020-06-03,Turkey,165574.0,165555.0,4586.0,4585.0,19.0,1.0
559,2020-06-03,Brazil,548743.0,555383.0,30505.0,31199.0,-6640.0,-694.0
560,2020-06-04,France,151487.0,151677.0,28995.0,29021.0,-190.0,-26.0
561,2020-06-04,China,84221.0,84160.0,4660.0,4638.0,61.0,22.0
562,2020-06-04,Italy,233829.0,233836.0,33610.0,33601.0,-7.0,9.0
563,2020-06-03,Spain,240194.0,240326.0,28512.0,27940.0,-132.0,572.0
564,2020-06-04,United States,1855181.0,1851520.0,107106.0,107175.0,3661.0,-69.0
565,2020-06-04,World,6478838.0,6475644.0,385101.0,386544.0,3194.0,-1443.0
566,2020-06-04,United Kingdom,279943.0,279856.0,39923.0,39728.0,87.0,195.0
567,2020-06-04,Germany,182674.0,182764.0,8563.0,8581.0,-90.0,-18.0
568,2020-06-04,Iran,160452.0,160696.0,8025.0,8012.0,-244.0,13.0
569,2020-06-04,Turkey,166350.0,166422.0,4606.0,4609.0,-72.0,-3.0
570,2020-06-04,Brazil,581560.0,584016.0,32135.0,32548.0,-2456.0,-413.0
571,2020-06-05,France,151183.0,152444.0,29124.0,29065.0,-1261.0,59.0
572,2020-06-05,China,84219.0,84171.0,4652.0,4638.0,48.0,14.0
573,2020-06-05,Italy,234280.0,234013.0,33676.0,33689.0,267.0,-13.0
574,2020-06-04,Spain,240668.0,240660.0,27965.0,27940.0,8.0,25.0
575,2020-06-05,United States,1874436.0,1872660.0,108330.0,108211.0,1776.0,119.0
576,2020-06-05,World,6599609.0,6603329.0,391358.0,391732.0,-3720.0,-374.0
577,2020-06-05,United Kingdom,281888.0,281661.0,40086.0,39904.0,227.0,182.0
578,2020-06-05,Germany,183184.0,183271.0,8608.0,8613.0,-87.0,-5.0
579,2020-06-05,Iran,163709.0,164270.0,8081.0,8071.0,-561.0,10.0
580,2020-06-05,Turkey,167181.0,167410.0,4629.0,4630.0,-229.0,-1.0
581,2020-06-05,Brazil,614531.0,614941.0,33913.0,34021.0,-410.0,-108.0
582,2020-06-06,France,152885.0,153055.0,29141.0,29111.0,-170.0,30.0
583,2020-06-06,China,84232.0,84177.0,4652.0,4638.0,55.0,14.0
584,2020-06-06,Italy,234461.0,234531.0,33779.0,33774.0,-70.0,5.0
585,2020-06-05,Spain,241095.0,240978.0,27964.0,27134.0,117.0,830.0
586,2020-06-06,United States,1894840.0,1897838.0,109333.0,109143.0,-2998.0,190.0
587,2020-06-06,World,6741358.0,6706002.0,397712.0,394713.0,35356.0,2999.0
588,2020-06-06,United Kingdom,283882.0,283311.0,40289.0,40261.0,571.0,28.0
589,2020-06-06,Germany,183738.0,183678.0,8641.0,8646.0,60.0,-5.0
590,2020-06-06,Iran,167292.0,167156.0,8146.0,8134.0,136.0,12.0
591,2020-06-06,Turkey,168245.0,168340.0,4652.0,4648.0,-95.0,4.0
592,2020-06-06,Brazil,646786.0,614941.0,35476.0,34021.0,31845.0,1455.0
593,2020-06-07,France,153788.0,153634.0,29161.0,29142.0,154.0,19.0
594,2020-06-07,China,84239.0,84186.0,4652.0,4638.0,53.0,14.0
595,2020-06-07,Italy,234843.0,234801.0,33880.0,33846.0,42.0,34.0
596,2020-06-06,Spain,241359.0,241310.0,27151.0,27135.0,49.0,16.0
597,2020-06-07,United States,1921239.0,1920061.0,110299.0,109802.0,1178.0,497.0
598,2020-06-07,World,6851616.0,6835723.0,400259.0,398636.0,15893.0,1623.0
599,2020-06-07,United Kingdom,285469.0,284868.0,40493.0,40465.0,601.0,28.0
600,2020-06-07,Germany,184245.0,183979.0,8676.0,8668.0,266.0,8.0
601,2020-06-07,Iran,170573.0,169425.0,8200.0,8209.0,1148.0,-9.0
602,2020-06-07,Turkey,169285.0,169218.0,4667.0,4669.0,67.0,-2.0
603,2020-06-07,Brazil,645101.0,645771.0,35392.0,35026.0,-670.0,366.0
604,2020-06-08,France,154241.0,153977.0,29189.0,29155.0,264.0,34.0
605,2020-06-08,China,84247.0,84191.0,4652.0,4638.0,56.0,14.0
606,2020-06-08,Italy,235429.0,234998.0,33949.0,33899.0,431.0,50.0
607,2020-06-07,Spain,241678.0,241550.0,27149.0,27136.0,128.0,13.0
608,2020-06-08,United States,1947067.0,1942363.0,110864.0,110514.0,4704.0,350.0
609,2020-06-08,World,6964704.0,6960259.0,403015.0,401970.0,4445.0,1045.0
610,2020-06-08,United Kingdom,286885.0,286194.0,40848.0,40542.0,691.0,306.0
611,2020-06-08,Germany,184457.0,184193.0,8698.0,8674.0,264.0,24.0
612,2020-06-08,Iran,172378.0,171789.0,8277.0,8281.0,589.0,-4.0
613,2020-06-08,Turkey,170111.0,170132.0,4686.0,4692.0,-21.0,-6.0
614,2020-06-08,Brazil,671676.0,672846.0,35645.0,35930.0,-1170.0,-285.0
615,2020-06-09,France,154521.0,154188.0,29187.0,29209.0,333.0,-22.0
616,2020-06-09,China,84250.0,84194.0,4652.0,4638.0,56.0,14.0
617,2020-06-09,Italy,235401.0,235278.0,33991.0,33964.0,123.0,27.0
618,2020-06-08,Spain,241932.0,241717.0,27150.0,27136.0,215.0,14.0
619,2020-06-09,United States,1966876.0,1961185.0,111341.0,111007.0,5691.0,334.0
620,2020-06-09,World,7104784.0,7069278.0,406467.0,405587.0,35506.0,880.0
621,2020-06-09,United Kingdom,288122.0,287399.0,40792.0,40597.0,723.0,195.0
622,2020-06-09,Germany,184577.0,184543.0,8696.0,8711.0,34.0,-15.0
623,2020-06-09,Iran,174287.0,173832.0,8359.0,8351.0,455.0,8.0
624,2020-06-09,Turkey,170978.0,171121.0,4712.0,4711.0,-143.0,1.0
625,2020-06-09,Brazil,704407.0,691758.0,37067.0,36455.0,12649.0,612.0
626,2020-06-10,France,154528.0,154591.0,29237.0,29296.0,-63.0,-59.0
627,2020-06-10,China,84251.0,84198.0,4651.0,4638.0,53.0,13.0
628,2020-06-10,Italy,235613.0,235561.0,34038.0,34043.0,52.0,-5.0
629,2020-06-09,Spain,242016.0,241966.0,27149.0,27136.0,50.0,13.0
630,2020-06-10,United States,1985895.0,1979850.0,111872.0,112006.0,6045.0,-134.0
631,2020-06-10,World,7217296.0,7210462.0,410056.0,411195.0,6834.0,-1139.0
632,2020-06-10,United Kingdom,289118.0,289140.0,40737.0,40883.0,-22.0,-146.0
633,2020-06-10,Germany,184850.0,184861.0,8726.0,8729.0,-11.0,-3.0
634,2020-06-10,Iran,176429.0,175927.0,8427.0,8425.0,502.0,2.0
635,2020-06-10,Turkey,172000.0,172114.0,4733.0,4729.0,-114.0,4.0
636,2020-06-10,Brazil,722200.0,739503.0,37431.0,38406.0,-17303.0,-975.0
637,2020-06-11,France,154858.0,155136.0,29360.0,29319.0,-278.0,41.0
638,2020-06-11,China,84254.0,84209.0,4651.0,4638.0,45.0,13.0
639,2020-06-11,Italy,235972.0,235763.0,34128.0,34114.0,209.0,14.0
640,2020-06-10,Spain,242199.0,242280.0,27148.0,27136.0,-81.0,12.0
641,2020-06-11,United States,2001597.0,2000464.0,112689.0,112924.0,1133.0,-235.0
642,2020-06-11,World,7349112.0,7343562.0,415103.0,416430.0,5550.0,-1327.0
643,2020-06-11,United Kingdom,290751.0,290143.0,41009.0,41128.0,608.0,-119.0
644,2020-06-11,Germany,185288.0,185416.0,8773.0,8755.0,-128.0,18.0
645,2020-06-11,Iran,178288.0,177938.0,8499.0,8506.0,350.0,-7.0
646,2020-06-11,Turkey,173060.0,173036.0,4747.0,4746.0,24.0,1.0
647,2020-06-11,Brazil,767427.0,772416.0,39375.0,39680.0,-4989.0,-305.0
648,2020-06-12,France,155573.0,155561.0,29394.0,29346.0,12.0,48.0
649,2020-06-12,China,84267.0,84216.0,4651.0,4638.0,51.0,13.0
650,2020-06-12,Italy,236178.0,236142.0,34212.0,34167.0,36.0,45.0
651,2020-06-11,Spain,242589.0,242707.0,27147.0,27136.0,-118.0,11.0
652,2020-06-12,United States,2022037.0,2023347.0,114035.0,113820.0,-1310.0,215.0
653,2020-06-12,World,7489721.0,7481063.0,421731.0,421190.0,8658.0,541.0
654,2020-06-12,United Kingdom,292218.0,291409.0,41447.0,41279.0,809.0,168.0
655,2020-06-12,Germany,185815.0,185674.0,8784.0,8763.0,141.0,21.0
656,2020-06-12,Iran,180347.0,180176.0,8583.0,8584.0,171.0,-1.0
657,2020-06-12,Turkey,173986.0,174023.0,4763.0,4763.0,-37.0,0.0
658,2020-06-12,Brazil,807416.0,802828.0,41042.0,40919.0,4588.0,123.0
659,2020-06-13,France,156090.0,156287.0,29375.0,29374.0,-197.0,1.0
660,2020-06-13,China,84275.0,84228.0,4651.0,4638.0,47.0,13.0
661,2020-06-13,Italy,236480.0,236305.0,34258.0,34223.0,175.0,35.0
662,2020-06-12,Spain,243075.0,243209.0,27147.0,27136.0,-134.0,11.0
663,2020-06-13,United States,2046527.0,2048986.0,114863.0,114669.0,-2459.0,194.0
664,2020-06-13,World,7631031.0,7625883.0,426764.0,425931.0,5148.0,833.0
665,2020-06-13,United Kingdom,292833.0,292950.0,41563.0,41481.0,-117.0,82.0
666,2020-06-13,Germany,186282.0,186022.0,8798.0,8781.0,260.0,17.0
667,2020-06-13,Iran,182518.0,182545.0,8667.0,8659.0,-27.0,8.0
668,2020-06-13,Turkey,174909.0,175218.0,4779.0,4778.0,-309.0,1.0
669,2020-06-13,Brazil,838581.0,828810.0,42289.0,41828.0,9771.0,461.0
670,2020-06-14,France,156766.0,156813.0,29406.0,29398.0,-47.0,8.0
671,2020-06-14,China,84287.0,84288.0,4651.0,4638.0,-1.0,13.0
672,2020-06-14,Italy,236807.0,236651.0,34297.0,34301.0,156.0,-4.0
673,2020-06-13,Spain,243680.0,243605.0,27147.0,27136.0,75.0,11.0
674,2020-06-14,United States,2074014.0,2074526.0,115693.0,115436.0,-512.0,257.0
675,2020-06-14,World,7777704.0,7759691.0,431137.0,430127.0,18013.0,1010.0
676,2020-06-14,United Kingdom,294599.0,294375.0,41686.0,41662.0,224.0,24.0
677,2020-06-14,Germany,186369.0,186269.0,8801.0,8787.0,100.0,14.0
678,2020-06-14,Iran,185054.0,184955.0,8740.0,8730.0,99.0,10.0
679,2020-06-14,Turkey,176159.0,176677.0,4794.0,4792.0,-518.0,2.0
680,2020-06-14,Brazil,863620.0,850514.0,43138.0,42720.0,13106.0,418.0
681,2020-06-15,France,157499.0,157220.0,29429.0,29407.0,279.0,22.0
682,2020-06-15,China,84365.0,84335.0,4650.0,4638.0,30.0,12.0
683,2020-06-15,Italy,236954.0,236989.0,34378.0,34345.0,-35.0,33.0
684,2020-06-14,Spain,244145.0,243928.0,27146.0,27136.0,217.0,10.0
685,2020-06-15,United States,2101918.0,2094069.0,116420.0,115732.0,7849.0,688.0
686,2020-06-15,World,7919643.0,7882230.0,435338.0,433259.0,37413.0,2079.0
687,2020-06-15,United Kingdom,296261.0,295889.0,41909.0,41698.0,372.0,211.0
688,2020-06-15,Germany,186695.0,186461.0,8815.0,8791.0,234.0,24.0
689,2020-06-15,Iran,187569.0,187427.0,8809.0,8837.0,142.0,-28.0
690,2020-06-15,Turkey,177799.0,178239.0,4806.0,4807.0,-440.0,-1.0
691,2020-06-15,Brazil,882438.0,867624.0,43801.0,43332.0,14814.0,469.0
692,2020-06-16,France,157732.0,157372.0,29432.0,29436.0,360.0,-4.0
693,2020-06-16,China,84422.0,84378.0,4650.0,4638.0,44.0,12.0
694,2020-06-16,Italy,237457.0,237290.0,34442.0,34371.0,167.0,71.0
695,2020-06-15,Spain,244373.0,244109.0,27146.0,27136.0,264.0,10.0
696,2020-06-16,United States,2121724.0,2114026.0,116645.0,116127.0,7698.0,518.0
697,2020-06-16,World,8045552.0,8000847.0,438076.0,436632.0,44705.0,1444.0
698,2020-06-16,United Kingdom,297671.0,296857.0,41926.0,41736.0,814.0,190.0
699,2020-06-16,Germany,186798.0,186839.0,8808.0,8800.0,-41.0,8.0
700,2020-06-16,Iran,190081.0,189876.0,8911.0,8950.0,205.0,-39.0
701,2020-06-16,Turkey,179593.0,179831.0,4820.0,4825.0,-238.0,-5.0
702,2020-06-16,Brazil,894460.0,888271.0,44327.0,43959.0,6189.0,368.0
703,2020-06-17,France,157755.0,157716.0,29454.0,29547.0,39.0,-93.0
704,2020-06-17,China,84458.0,84422.0,4650.0,4644.0,36.0,6.0
705,2020-06-17,Italy,237752.0,237500.0,34438.0,34405.0,252.0,33.0
706,2020-06-16,Spain,244490.0,244328.0,27146.0,27136.0,162.0,10.0
707,2020-06-17,United States,2136724.0,2137731.0,116637.0,116963.0,-1007.0,-326.0
708,2020-06-17,World,8164154.0,8142129.0,440574.0,443488.0,22025.0,-2914.0
709,2020-06-17,United Kingdom,298718.0,298136.0,41840.0,41969.0,582.0,-129.0
710,2020-06-17,Germany,187127.0,187184.0,8816.0,8830.0,-57.0,-14.0
711,2020-06-17,Iran,192593.0,192439.0,9052.0,9065.0,154.0,-13.0
712,2020-06-17,Turkey,181274.0,181298.0,4839.0,4842.0,-24.0,-3.0
713,2020-06-17,Brazil,911362.0,923189.0,44747.0,45241.0,-11827.0,-494.0
714,2020-06-18,France,157923.0,158174.0,29594.0,29575.0,-251.0,19.0
715,2020-06-18,China,84501.0,84458.0,4656.0,4638.0,43.0,18.0
716,2020-06-18,Italy,237931.0,237828.0,34455.0,34448.0,103.0,7.0
717,2020-06-17,Spain,244581.0,244683.0,27146.0,29054.0,-102.0,-1908.0
718,2020-06-18,United States,2160629.0,2163290.0,117555.0,117717.0,-2661.0,-162.0
719,2020-06-18,World,8298467.0,8317573.0,447514.0,450630.0,-19106.0,-3116.0
720,2020-06-18,United Kingdom,299518.0,299251.0,42076.0,42153.0,267.0,-77.0
721,2020-06-18,Germany,187635.0,187764.0,8850.0,8856.0,-129.0,-6.0
722,2020-06-18,Iran,195146.0,195051.0,9172.0,9185.0,95.0,-13.0
723,2020-06-18,Turkey,182769.0,182727.0,4859.0,4861.0,42.0,-2.0
724,2020-06-18,Brazil,952037.0,955377.0,46159.0,46510.0,-3340.0,-351.0
725,2020-06-19,France,158548.0,158641.0,29668.0,29603.0,-93.0,65.0
726,2020-06-19,China,84534.0,84494.0,4650.0,4638.0,40.0,12.0
727,2020-06-19,Italy,238173.0,238159.0,34505.0,34514.0,14.0,-9.0
728,2020-06-18,Spain,244970.0,245268.0,29069.0,29054.0,-298.0,15.0
729,2020-06-19,United States,2189206.0,2191052.0,118678.0,118434.0,-1846.0,244.0
730,2020-06-19,World,8468802.0,8455738.0,457494.0,455761.0,13064.0,1733.0
731,2020-06-19,United Kingdom,300899.0,300469.0,42422.0,42288.0,430.0,134.0
732,2020-06-19,Germany,188184.0,187764.0,8893.0,8856.0,420.0,37.0
733,2020-06-19,Iran,197845.0,197647.0,9294.0,9272.0,198.0,22.0
734,2020-06-19,Turkey,184088.0,184031.0,4877.0,4882.0,57.0,-5.0
735,2020-06-19,Brazil,992125.0,978142.0,47887.0,47748.0,13983.0,139.0
736,2020-06-20,France,159106.0,159452.0,29634.0,29617.0,-346.0,17.0
737,2020-06-20,China,84567.0,84524.0,4650.0,4638.0,43.0,12.0
738,2020-06-20,Italy,238610.0,238011.0,34579.0,34561.0,599.0,18.0
739,2020-06-19,Spain,245676.0,245575.0,29068.0,30233.0,101.0,-1165.0
740,2020-06-20,United States,2218413.0,2220961.0,119326.0,119112.0,-2548.0,214.0
741,2020-06-20,World,8631288.0,8633778.0,461396.0,462076.0,-2490.0,-680.0
742,2020-06-20,United Kingdom,301971.0,301815.0,42516.0,42461.0,156.0,55.0
743,2020-06-20,Germany,188394.0,189135.0,8890.0,8883.0,-741.0,7.0
744,2020-06-20,Iran,200495.0,200262.0,9387.0,9392.0,233.0,-5.0
745,2020-06-20,Turkey,185361.0,185245.0,4900.0,4905.0,116.0,-5.0
746,2020-06-20,Brazil,1012546.0,1032913.0,49133.0,48954.0,-20367.0,179.0
747,2020-06-21,France,159969.0,160093.0,29646.0,29633.0,-124.0,13.0
748,2020-06-21,China,84594.0,84553.0,4650.0,4639.0,41.0,11.0
749,2020-06-21,Italy,238477.0,238275.0,34647.0,34610.0,202.0,37.0
750,2020-06-20,Spain,246193.0,245938.0,30231.0,30240.0,255.0,-9.0
751,2020-06-21,United States,2250047.0,2255119.0,119973.0,119719.0,-5072.0,254.0
752,2020-06-21,World,8791549.0,8795672.0,468573.0,466189.0,-4123.0,2384.0
753,2020-06-21,United Kingdom,303400.0,303110.0,42647.0,42589.0,290.0,58.0
754,2020-06-21,Germany,189927.0,189822.0,8908.0,8882.0,105.0,26.0
755,2020-06-21,Iran,203119.0,202584.0,9480.0,9507.0,535.0,-27.0
756,2020-06-21,Turkey,186467.0,186493.0,4925.0,4927.0,-26.0,-2.0
757,2020-06-21,Brazil,1065593.0,1067579.0,50335.0,49976.0,-1986.0,359.0
758,2020-06-24,France,161082.0,161267.0,29677.0,29720.0,-185.0,-43.0
759,2020-06-24,China,84695.0,84653.0,4650.0,4640.0,42.0,10.0
760,2020-06-24,Italy,239079.0,238833.0,34706.0,34675.0,246.0,31.0
761,2020-06-23,Spain,246898.0,246752.0,28344.0,28325.0,146.0,19.0
762,2020-06-24,United States,2340296.0,2347022.0,120875.0,121228.0,-6726.0,-353.0
763,2020-06-24,World,9248946.0,9229049.0,476447.0,477269.0,19897.0,-822.0
764,2020-06-24,United Kingdom,306877.0,306210.0,42755.0,42927.0,667.0,-172.0
765,2020-06-24,Germany,191452.0,191449.0,8909.0,8914.0,3.0,-5.0
766,2020-06-24,Iran,210317.0,209970.0,9853.0,9863.0,347.0,-10.0
767,2020-06-24,Turkey,190019.0,190165.0,4996.0,5001.0,-146.0,-5.0
768,2020-06-24,Brazil,1136628.0,1145906.0,52240.0,52645.0,-9278.0,-405.0
769,2020-06-25,France,161704.0,161348.0,29752.0,29731.0,356.0,21.0
770,2020-06-25,China,84726.0,84673.0,4651.0,4640.0,53.0,11.0
771,2020-06-25,Italy,239192.0,239410.0,34723.0,34644.0,-218.0,79.0
772,2020-06-24,Spain,247055.0,247086.0,28345.0,28327.0,-31.0,18.0
773,2020-06-25,United States,2379103.0,2381361.0,121836.0,121979.0,-2258.0,-143.0
774,2020-06-25,World,9404599.0,9400295.0,481509.0,482468.0,4304.0,-959.0
775,2020-06-25,United Kingdom,307571.0,306862.0,43010.0,43081.0,709.0,-71.0
776,2020-06-25,Germany,192009.0,192079.0,8934.0,8927.0,-70.0,7.0
777,2020-06-25,Iran,212920.0,212501.0,9977.0,9996.0,419.0,-19.0
778,2020-06-25,Turkey,191302.0,191657.0,5023.0,5025.0,-355.0,-2.0
779,2020-06-25,Brazil,1180039.0,1188631.0,53653.0,53830.0,-8592.0,-177.0
780,2020-06-26,France,161913.0,161348.0,29781.0,29752.0,565.0,29.0
781,2020-06-26,China,84735.0,84701.0,4651.0,4641.0,34.0,10.0
782,2020-06-26,Italy,239658.0,239706.0,34689.0,34678.0,-48.0,11.0
783,2020-06-25,Spain,247403.0,247486.0,28346.0,28330.0,-83.0,16.0
784,2020-06-26,United States,2416102.0,2422310.0,122916.0,124416.0,-6208.0,-1500.0
785,2020-06-26,World,9577787.0,9581803.0,488384.0,489182.0,-4016.0,-798.0
786,2020-06-26,United Kingdom,308193.0,307980.0,43384.0,43230.0,213.0,154.0
787,2020-06-26,Germany,192711.0,192556.0,8954.0,8948.0,155.0,6.0
788,2020-06-26,Iran,215388.0,215096.0,10111.0,10130.0,292.0,-19.0
789,2020-06-26,Turkey,192837.0,193115.0,5050.0,5046.0,-278.0,4.0
790,2020-06-26,Brazil,1230654.0,1228114.0,55284.0,54971.0,2540.0,313.0
791,2020-06-27,France,161592.0,162936.0,29768.0,29778.0,-1344.0,-10.0
792,2020-06-27,China,84762.0,84725.0,4652.0,4641.0,37.0,11.0
793,2020-06-27,Italy,240376.0,239961.0,34677.0,34708.0,415.0,-31.0
794,2020-06-26,Spain,247879.0,247905.0,28350.0,28338.0,-26.0,12.0
795,2020-06-27,United States,2456236.0,2467837.0,125249.0,125039.0,-11601.0,210.0
796,2020-06-27,World,9758869.0,9770954.0,494723.0,493898.0,-12085.0,825.0
797,2020-06-27,United Kingdom,309066.0,309360.0,43429.0,43414.0,-294.0,15.0
798,2020-06-27,Germany,193228.0,193243.0,8970.0,8954.0,-15.0,16.0
799,2020-06-27,Iran,218037.0,217724.0,10254.0,10130.0,313.0,124.0
800,2020-06-27,Turkey,194489.0,194511.0,5069.0,5065.0,-22.0,4.0
801,2020-06-27,Brazil,1272110.0,1274974.0,56324.0,55961.0,-2864.0,363.0
802,2020-06-28,France,163136.0,162936.0,29803.0,29778.0,200.0,25.0
803,2020-06-28,China,84787.0,84743.0,4652.0,4641.0,44.0,11.0
804,2020-06-28,Italy,240382.0,240136.0,34765.0,34716.0,246.0,49.0
805,2020-06-27,Spain,248357.0,248469.0,28359.0,28341.0,-112.0,18.0
806,2020-06-28,United States,2506126.0,2510323.0,127300.0,125539.0,-4197.0,1761.0
807,2020-06-28,World,9948835.0,9952507.0,500741.0,498519.0,-3672.0,2222.0
808,2020-06-28,United Kingdom,310830.0,310250.0,43608.0,43514.0,580.0,94.0
809,2020-06-28,Germany,193779.0,193499.0,8982.0,8957.0,280.0,25.0
810,2020-06-28,Iran,220713.0,220180.0,10266.0,10364.0,533.0,-98.0
811,2020-06-28,Turkey,195857.0,195883.0,5085.0,5082.0,-26.0,3.0
812,2020-06-28,Brazil,1318913.0,1313667.0,57296.0,57070.0,5246.0,226.0
813,2020-06-29,France,164390.0,162936.0,29802.0,29778.0,1454.0,24.0
814,2020-06-29,China,84801.0,84757.0,4651.0,4641.0,44.0,10.0
815,2020-06-29,Italy,240523.0,240310.0,34770.0,34738.0,213.0,32.0
816,2020-06-28,Spain,248936.0,248770.0,28364.0,28343.0,166.0,21.0
817,2020-06-29,United States,2552376.0,2548996.0,126343.0,125804.0,3380.0,539.0
818,2020-06-29,World,10138993.0,10112754.0,503930.0,501562.0,26239.0,2368.0
819,2020-06-29,United Kingdom,311954.0,311151.0,43737.0,43550.0,803.0,187.0
820,2020-06-29,Germany,194223.0,193761.0,8973.0,8961.0,462.0,12.0
821,2020-06-29,Iran,223249.0,222669.0,10379.0,10508.0,580.0,-129.0
822,2020-06-29,Turkey,197175.0,197239.0,5100.0,5097.0,-64.0,3.0
823,2020-06-29,Brazil,1361342.0,1344143.0,58313.0,57622.0,17199.0,691.0
824,2020-06-30,France,163151.0,164260.0,29782.0,29813.0,-1109.0,-31.0
825,2020-06-30,China,84811.0,84780.0,4651.0,4641.0,31.0,10.0
826,2020-06-30,Italy,240625.0,240436.0,34772.0,34744.0,189.0,28.0
827,2020-06-29,Spain,249370.0,248970.0,28362.0,28346.0,400.0,16.0
828,2020-06-30,United States,2589665.0,2590552.0,126511.0,126140.0,-887.0,371.0
829,2020-06-30,World,10315543.0,10273001.0,507077.0,505295.0,42542.0,1782.0
830,2020-06-30,United Kingdom,312439.0,311965.0,43705.0,43575.0,474.0,130.0
831,2020-06-30,Germany,194112.0,194259.0,8974.0,8973.0,-147.0,1.0
832,2020-06-30,Iran,225675.0,225205.0,10705.0,10670.0,470.0,35.0
833,2020-06-30,Turkey,198510.0,198613.0,5113.0,5115.0,-103.0,-2.0
834,2020-06-30,Brazil,1390138.0,1368195.0,58940.0,58314.0,21943.0,626.0
835,2020-07-01,France,164474.0,164801.0,29822.0,29843.0,-327.0,-21.0
836,2020-07-01,China,84836.0,84785.0,4651.0,4641.0,51.0,10.0
837,2020-07-01,Italy,240751.0,240578.0,34790.0,34767.0,173.0,23.0
838,2020-06-30,Spain,249338.0,249271.0,28364.0,28355.0,67.0,9.0
839,2020-07-01,United States,2628513.0,2634432.0,126652.0,127410.0,-5919.0,-758.0
840,2020-07-01,World,10481929.0,10446353.0,509631.0,511037.0,35576.0,-1406.0
841,2020-07-01,United Kingdom,313261.0,312654.0,43677.0,43730.0,607.0,-53.0
842,2020-07-01,Germany,194612.0,194725.0,8987.0,8985.0,-113.0,2.0
843,2020-07-01,Iran,228236.0,227662.0,10801.0,10817.0,574.0,-16.0
844,2020-07-01,Turkey,199869.0,199906.0,5130.0,5131.0,-37.0,-1.0
845,2020-07-01,Brazil,1410709.0,1402041.0,59251.0,59594.0,8668.0,-343.0
846,2020-07-02,France,166047.0,165719.0,29878.0,29861.0,328.0,17.0
847,2020-07-02,China,84837.0,84816.0,4651.0,4641.0,21.0,10.0
848,2020-07-02,Italy,240850.0,240760.0,34799.0,34788.0,90.0,11.0
849,2020-07-01,Spain,249547.0,249659.0,28375.0,28363.0,-112.0,12.0
850,2020-07-02,United States,2674178.0,2686480.0,127954.0,128062.0,-12302.0,-108.0
851,2020-07-02,World,10651995.0,10665255.0,515684.0,515964.0,-13260.0,-280.0
852,2020-07-02,United Kingdom,313876.0,313483.0,43820.0,43906.0,393.0,-86.0
853,2020-07-02,Germany,195281.0,194725.0,9005.0,8985.0,556.0,20.0
854,2020-07-02,Iran,230757.0,230211.0,10963.0,10958.0,546.0,5.0
855,2020-07-02,Turkey,201180.0,201098.0,5148.0,5150.0,82.0,-2.0
856,2020-07-02,Brazil,1440965.0,1448753.0,60623.0,60632.0,-7788.0,-9.0
857,2020-07-03,France,166362.0,166378.0,29891.0,29875.0,-16.0,16.0
858,2020-07-03,China,84871.0,84830.0,4651.0,4641.0,41.0,10.0
859,2020-07-03,Italy,241044.0,240961.0,34835.0,34818.0,83.0,17.0
860,2020-07-02,Spain,250024.0,250103.0,28386.0,28368.0,-79.0,18.0
861,2020-07-03,United States,2726740.0,2739879.0,129366.0,128740.0,-13139.0,626.0
862,2020-07-03,World,10857351.0,10845275.0,522118.0,521113.0,12076.0,1005.0
863,2020-07-03,United Kingdom,314591.0,283757.0,44101.0,43995.0,30834.0,106.0
864,2020-07-03,Germany,195261.0,195674.0,9005.0,9003.0,-413.0,2.0
865,2020-07-03,Iran,233272.0,232863.0,11094.0,11106.0,409.0,-12.0
866,2020-07-03,Turkey,202305.0,202284.0,5165.0,5167.0,21.0,-2.0
867,2020-07-03,Brazil,1492100.0,1496858.0,62030.0,61884.0,-4758.0,146.0
868,2020-07-04,France,167312.0,166960.0,29895.0,29893.0,352.0,2.0
869,2020-07-04,China,84887.0,84839.0,4651.0,4641.0,48.0,10.0
870,2020-07-04,Italy,241279.0,241184.0,34862.0,34833.0,95.0,29.0
871,2020-07-03,Spain,250544.0,250545.0,28390.0,28385.0,-1.0,5.0
872,2020-07-04,United States,2785400.0,2794321.0,129556.0,129434.0,-8921.0,122.0
873,2020-07-04,World,11053132.0,11053488.0,526728.0,526260.0,-356.0,468.0
874,2020-07-04,United Kingdom,283367.0,284276.0,44209.0,44131.0,-909.0,78.0
875,2020-07-04,Germany,196235.0,196096.0,9021.0,9010.0,139.0,11.0
876,2020-07-04,Iran,235955.0,235429.0,11238.0,11260.0,526.0,-22.0
877,2020-07-04,Turkey,203404.0,203456.0,5185.0,5186.0,-52.0,-1.0
878,2020-07-04,Brazil,1545521.0,1539081.0,63134.0,63174.0,6440.0,-40.0
879,2020-07-05,France,167698.0,166960.0,29910.0,29893.0,738.0,17.0
880,2020-07-05,China,84888.0,84857.0,4651.0,4641.0,31.0,10.0
881,2020-07-05,Italy,241517.0,241419.0,34886.0,34854.0,98.0,32.0
882,2020-07-04,Spain,251036.0,250545.0,28406.0,28385.0,491.0,21.0
883,2020-07-05,United States,2840966.0,2839542.0,130269.0,129676.0,1424.0,593.0
884,2020-07-05,World,11254739.0,11241655.0,532059.0,530668.0,13084.0,1391.0
885,2020-07-05,United Kingdom,258495.0,284900.0,44273.0,44198.0,-26405.0,75.0
886,2020-07-05,Germany,196608.0,196335.0,9028.0,9012.0,273.0,16.0
887,2020-07-05,Iran,238610.0,237878.0,11397.0,11408.0,732.0,-11.0
888,2020-07-05,Turkey,204570.0,204610.0,5202.0,5206.0,-40.0,-4.0
889,2020-07-05,Brazil,1589839.0,1577004.0,64559.0,64265.0,12835.0,294.0
890,2020-07-06,France,167650.0,166960.0,29911.0,29893.0,690.0,18.0
891,2020-07-06,China,84907.0,84871.0,4651.0,4641.0,36.0,10.0
892,2020-07-06,Italy,241771.0,241611.0,34893.0,34861.0,160.0,32.0
893,2020-07-05,Spain,251042.0,250545.0,28411.0,28385.0,497.0,26.0
894,2020-07-06,United States,2888777.0,2888635.0,130537.0,129947.0,142.0,590.0
895,2020-07-06,World,11453025.0,11418475.0,536563.0,533958.0,34550.0,2605.0
896,2020-07-06,United Kingdom,285891.0,285416.0,44379.0,44220.0,475.0,159.0
897,2020-07-06,Germany,196829.0,196554.0,9028.0,9016.0,275.0,12.0
898,2020-07-06,Iran,241087.0,240438.0,11550.0,11571.0,649.0,-21.0
899,2020-07-06,Turkey,205712.0,205758.0,5224.0,5225.0,-46.0,-1.0
900,2020-07-06,Brazil,1627188.0,1603055.0,65694.0,64867.0,24133.0,827.0
901,2020-07-07,France,167204.0,168335.0,29897.0,29920.0,-1131.0,-23.0
902,2020-07-07,China,84922.0,84896.0,4651.0,4641.0,26.0,10.0
903,2020-07-07,Italy,241974.0,241819.0,34906.0,34869.0,155.0,37.0
904,2020-07-06,Spain,250650.0,251789.0,28400.0,28388.0,-1139.0,12.0
905,2020-07-07,United States,2932197.0,2938625.0,130446.0,130306.0,-6428.0,140.0
906,2020-07-07,World,11646780.0,11586205.0,539510.0,537701.0,60575.0,1809.0
907,2020-07-07,United Kingdom,286431.0,285768.0,44345.0,44236.0,663.0,109.0
908,2020-07-07,Germany,196891.0,196944.0,9028.0,9024.0,-53.0,4.0
909,2020-07-07,Iran,243596.0,243051.0,11708.0,11731.0,545.0,-23.0
910,2020-07-07,Turkey,206845.0,206844.0,5244.0,5241.0,1.0,3.0
911,2020-07-07,Brazil,1653031.0,1623284.0,66201.0,65487.0,29747.0,714.0
912,2020-07-08,France,168552.0,168810.0,29927.0,29933.0,-258.0,-6.0
913,2020-07-08,China,84950.0,84917.0,4650.0,4641.0,33.0,9.0
914,2020-07-08,Italy,242144.0,241956.0,34901.0,34899.0,188.0,2.0
915,2020-07-07,Spain,251872.0,252130.0,28403.0,28392.0,-258.0,11.0
916,2020-07-08,United States,2984598.0,2996098.0,130821.0,131480.0,-11500.0,-659.0
917,2020-07-08,World,11828447.0,11801805.0,542602.0,543902.0,26642.0,-1300.0
918,2020-07-08,United Kingdom,286693.0,286349.0,44324.0,44391.0,344.0,-67.0
919,2020-07-08,Germany,197260.0,197341.0,9037.0,9036.0,-81.0,1.0
920,2020-07-08,Iran,246252.0,245688.0,11879.0,11931.0,564.0,-52.0
921,2020-07-08,Turkey,207927.0,207897.0,5259.0,5260.0,30.0,-1.0
922,2020-07-08,Brazil,1666743.0,1668589.0,66498.0,66741.0,-1846.0,-243.0
923,2020-07-09,France,170086.0,169473.0,29959.0,29965.0,613.0,-6.0
924,2020-07-09,China,84972.0,84950.0,4650.0,4641.0,22.0,9.0
925,2020-07-09,Italy,242297.0,242149.0,34931.0,34914.0,148.0,17.0
926,2020-07-08,Spain,253329.0,252513.0,28409.0,28396.0,816.0,13.0
927,2020-07-09,United States,3041529.0,3055004.0,132034.0,132309.0,-13475.0,-275.0
928,2020-07-09,World,12025238.0,12017118.0,548799.0,549276.0,8120.0,-477.0
929,2020-07-09,United Kingdom,287223.0,286979.0,44470.0,44517.0,244.0,-47.0
930,2020-07-09,Germany,197803.0,197783.0,9052.0,9048.0,20.0,4.0
931,2020-07-09,Iran,248923.0,248379.0,12073.0,12084.0,544.0,-11.0
932,2020-07-09,Turkey,208928.0,208938.0,5275.0,5282.0,-10.0,-7.0
933,2020-07-09,Brazil,1708615.0,1713160.0,67745.0,67964.0,-4545.0,-219.0
934,2020-07-10,France,170066.0,170094.0,29983.0,29979.0,-28.0,4.0
935,2020-07-10,China,85008.0,84996.0,4650.0,4641.0,12.0,9.0
936,2020-07-10,Italy,242425.0,242363.0,34966.0,34926.0,62.0,40.0
937,2020-07-09,Spain,252915.0,253056.0,28413.0,28401.0,-141.0,12.0
938,2020-07-10,United States,3104680.0,3118008.0,133512.0,133291.0,-13328.0,221.0
939,2020-07-10,World,12231801.0,12245417.0,555678.0,554721.0,-13616.0,957.0
940,2020-07-10,United Kingdom,287967.0,287621.0,44709.0,44602.0,346.0,107.0
941,2020-07-10,Germany,198250.0,198178.0,9068.0,9054.0,72.0,14.0
942,2020-07-10,Iran,251629.0,250458.0,12259.0,12305.0,1171.0,-46.0
943,2020-07-10,Turkey,209941.0,209962.0,5300.0,5300.0,-21.0,0.0
944,2020-07-10,Brazil,1762882.0,1755779.0,69346.0,69184.0,7103.0,162.0
945,2020-07-11,France,170829.0,170752.0,30009.0,30004.0,77.0,5.0
946,2020-07-11,China,85062.0,85036.0,4650.0,4641.0,26.0,9.0
947,2020-07-11,Italy,242686.0,242639.0,34965.0,34938.0,47.0,27.0
948,2020-07-10,Spain,253492.0,253908.0,28418.0,28403.0,-416.0,15.0
949,2020-07-11,United States,3168255.0,3184633.0,134221.0,134097.0,-16378.0,124.0
950,2020-07-11,World,12456532.0,12476028.0,560718.0,559998.0,-19496.0,720.0
951,2020-07-11,United Kingdom,288628.0,288133.0,44771.0,44650.0,495.0,121.0
952,2020-07-11,Germany,198684.0,198556.0,9074.0,9060.0,128.0,14.0
953,2020-07-11,Iran,253953.0,252720.0,12441.0,12447.0,1233.0,-6.0
954,2020-07-11,Turkey,210955.0,210965.0,5321.0,5323.0,-10.0,-2.0
955,2020-07-11,Brazil,1806272.0,1800827.0,70558.0,70398.0,5445.0,160.0
956,2020-07-12,France,171454.0,170752.0,30022.0,30004.0,702.0,18.0
957,2020-07-12,China,85104.0,85071.0,4650.0,4641.0,33.0,9.0
958,2020-07-12,Italy,242978.0,242827.0,34974.0,34945.0,151.0,29.0
959,2020-07-11,Spain,254478.0,253908.0,28420.0,28403.0,570.0,17.0
960,2020-07-12,United States,3237005.0,3247684.0,135154.0,134814.0,-10679.0,340.0
961,2020-07-12,World,12689392.0,12698995.0,566095.0,564924.0,-9603.0,1171.0
962,2020-07-12,United Kingdom,289118.0,288953.0,44787.0,44798.0,165.0,-11.0
963,2020-07-12,Germany,199022.0,198804.0,9075.0,9063.0,218.0,12.0
964,2020-07-12,Iran,256001.0,255117.0,12639.0,12635.0,884.0,4.0
965,2020-07-12,Turkey,211943.0,211981.0,5340.0,5344.0,-38.0,-4.0
966,2020-07-12,Brazil,1851127.0,1839850.0,71783.0,71469.0,11277.0,314.0
967,2020-07-13,France,171496.0,170752.0,30027.0,30004.0,744.0,23.0
968,2020-07-13,China,85134.0,85117.0,4650.0,4641.0,17.0,9.0
969,2020-07-13,Italy,243223.0,243061.0,34981.0,34954.0,162.0,27.0
970,2020-07-12,Spain,254769.0,253908.0,28417.0,28403.0,861.0,14.0
971,2020-07-13,United States,3303546.0,3304942.0,135740.0,135205.0,-1396.0,535.0
972,2020-07-13,World,12924586.0,12888021.0,571021.0,568736.0,36565.0,2285.0
973,2020-07-13,United Kingdom,289916.0,289603.0,44902.0,44819.0,313.0,83.0
974,2020-07-13,Germany,199258.0,198963.0,9078.0,9064.0,295.0,14.0
975,2020-07-13,Iran,258406.0,257303.0,12771.0,12829.0,1103.0,-58.0
976,2020-07-13,Turkey,212940.0,212993.0,5365.0,5363.0,-53.0,2.0
977,2020-07-13,Brazil,1892551.0,1864681.0,72876.0,72100.0,27870.0,776.0
978,2020-07-14,France,170998.0,172377.0,30007.0,30029.0,-1379.0,-22.0
979,2020-07-14,China,85182.0,85172.0,4650.0,4642.0,10.0,8.0
980,2020-07-14,Italy,243378.0,243230.0,34986.0,34967.0,148.0,19.0
981,2020-07-13,Spain,254019.0,255953.0,28416.0,28406.0,-1934.0,10.0
982,2020-07-14,United States,3361183.0,3363056.0,136077.0,135605.0,-1873.0,472.0
983,2020-07-14,World,13144208.0,13079218.0,574864.0,572662.0,64990.0,2202.0
984,2020-07-14,United Kingdom,290688.0,290133.0,45006.0,44830.0,555.0,176.0
985,2020-07-14,Germany,199308.0,198963.0,9076.0,9064.0,345.0,12.0
986,2020-07-14,Iran,260712.0,259652.0,12993.0,13032.0,1060.0,-39.0
987,2020-07-14,Turkey,213962.0,214001.0,5383.0,5382.0,-39.0,1.0
988,2020-07-14,Brazil,1917228.0,1884967.0,73474.0,72833.0,32261.0,641.0
989,2020-07-15,France,172583.0,172377.0,30036.0,30029.0,206.0,7.0
990,2020-07-15,China,85244.0,85226.0,4651.0,4642.0,18.0,9.0
991,2020-07-15,Italy,243589.0,243344.0,35000.0,34984.0,245.0,16.0
992,2020-07-15,Spain,256020.0,256619.0,28419.0,28409.0,-599.0,10.0
993,2020-07-15,United States,3417102.0,3431574.0,136223.0,136466.0,-14472.0,-243.0
994,2020-07-15,World,13352870.0,13299163.0,578176.0,578319.0,53707.0,-143.0
995,2020-07-15,United Kingdom,291107.0,291373.0,44915.0,44968.0,-266.0,-53.0
996,2020-07-15,Germany,199235.0,199726.0,9074.0,9071.0,-491.0,3.0
997,2020-07-15,Iran,262964.0,262173.0,13200.0,13211.0,791.0,-11.0
998,2020-07-15,Turkey,214966.0,214993.0,5400.0,5402.0,-27.0,-2.0
999,2020-07-15,Brazil,1929957.0,1926824.0,73935.0,74133.0,3133.0,-198.0
1000,2020-07-16,France,173844.0,173304.0,30052.0,30120.0,540.0,-68.0
1001,2020-07-16,China,85300.0,85246.0,4651.0,4644.0,54.0,7.0
1002,2020-07-16,Italy,243648.0,243506.0,35020.0,34997.0,142.0,23.0
1003,2020-07-15,Spain,258509.0,257494.0,28424.0,28413.0,1015.0,11.0
1004,2020-07-16,United States,3484116.0,3499291.0,137067.0,137419.0,-15175.0,-352.0
1005,2020-07-16,World,13559170.0,13530628.0,583588.0,583892.0,28542.0,-304.0
1006,2020-07-16,United Kingdom,292392.0,291911.0,45040.0,45053.0,481.0,-13.0
1007,2020-07-16,Germany,199844.0,200260.0,9080.0,9078.0,-416.0,2.0
1008,2020-07-16,Iran,265470.0,264561.0,13389.0,13410.0,909.0,-21.0
1009,2020-07-16,Turkey,215955.0,215940.0,5420.0,5419.0,15.0,1.0
1010,2020-07-16,Brazil,1966982.0,1966748.0,75242.0,75366.0,234.0,-124.0
1011,2020-07-17,France,173529.0,173838.0,30135.0,30138.0,-309.0,-3.0
1012,2020-07-17,China,85307.0,85323.0,4653.0,4644.0,-16.0,9.0
1013,2020-07-17,Italy,243759.0,243736.0,35037.0,35017.0,23.0,20.0
1014,2020-07-16,Spain,258173.0,258855.0,28428.0,28416.0,-682.0,12.0
1015,2020-07-17,United States,3557378.0,3576221.0,138368.0,138358.0,-18843.0,10.0
1016,2020-07-17,World,13776618.0,13788300.0,590122.0,589688.0,-11682.0,434.0
1017,2020-07-17,United Kingdom,293180.0,292552.0,45228.0,45119.0,628.0,109.0
1018,2020-07-17,Germany,201032.0,200843.0,9093.0,9082.0,189.0,11.0
1019,2020-07-17,Iran,267962.0,267061.0,13572.0,13608.0,901.0,-36.0
1020,2020-07-17,Turkey,216890.0,216873.0,5438.0,5440.0,17.0,-2.0
1021,2020-07-17,Brazil,2016128.0,2012151.0,76796.0,76688.0,3977.0,108.0
1022,2020-07-18,France,174766.0,174674.0,30215.0,30152.0,92.0,63.0
1023,2020-07-18,China,85393.0,85403.0,4653.0,4645.0,-10.0,8.0
1024,2020-07-18,Italy,244028.0,243967.0,35053.0,35028.0,61.0,25.0
1025,2020-07-17,Spain,259705.0,260255.0,28431.0,28420.0,-550.0,11.0
1026,2020-07-18,United States,3632638.0,3647715.0,139379.0,139266.0,-15077.0,113.0
1027,2020-07-18,World,14019472.0,14044869.0,595868.0,597148.0,-25397.0,-1280.0
1028,2020-07-18,United Kingdom,293472.0,293239.0,45252.0,45233.0,233.0,19.0
1029,2020-07-18,Germany,201420.0,201372.0,9097.0,9083.0,48.0,14.0
1030,2020-07-18,Iran,270411.0,269440.0,13783.0,13791.0,971.0,-8.0
1031,2020-07-18,Turkey,217785.0,217799.0,5456.0,5458.0,-14.0,-2.0
1032,2020-07-18,Brazil,2060841.0,2046328.0,78088.0,77851.0,14513.0,237.0
1033,2020-07-19,France,175300.0,174674.0,30171.0,30152.0,626.0,19.0
1034,2020-07-19,China,85491.0,85483.0,4654.0,4646.0,8.0,8.0
1035,2020-07-19,Italy,244317.0,244216.0,35070.0,35042.0,101.0,28.0
1036,2020-07-18,Spain,261528.0,260255.0,28434.0,28420.0,1273.0,14.0
1037,2020-07-19,United States,3710543.0,3711464.0,140279.0,140119.0,-921.0,160.0
1038,2020-07-19,World,14274787.0,14267093.0,603127.0,601934.0,7694.0,1193.0
1039,2020-07-19,United Kingdom,294214.0,294066.0,45349.0,45273.0,148.0,76.0
1040,2020-07-19,Germany,201991.0,201574.0,9096.0,9084.0,417.0,12.0
1041,2020-07-19,Iran,272875.0,271606.0,13969.0,13979.0,1269.0,-10.0
1042,2020-07-19,Turkey,218699.0,218717.0,5478.0,5475.0,-18.0,3.0
1043,2020-07-19,Brazil,2099209.0,2074860.0,79332.0,78772.0,24349.0,560.0
1044,2020-07-20,France,175550.0,174674.0,30166.0,30152.0,876.0,14.0
1045,2020-07-20,China,85572.0,85613.0,4655.0,4646.0,-41.0,9.0
1046,2020-07-20,Italy,244566.0,244434.0,35076.0,35045.0,132.0,31.0
1047,2020-07-19,Spain,261598.0,260255.0,28434.0,28420.0,1343.0,14.0
1048,2020-07-20,United States,3775548.0,3773260.0,141113.0,140534.0,2288.0,579.0
1049,2020-07-20,World,14531269.0,14476729.0,609342.0,605979.0,54540.0,3363.0
1050,2020-07-20,United Kingdom,295081.0,294792.0,45430.0,45300.0,289.0,130.0
1051,2020-07-20,Germany,202156.0,201823.0,9094.0,9086.0,333.0,8.0
1052,2020-07-20,Iran,275119.0,273788.0,14149.0,14188.0,1331.0,-39.0
1053,2020-07-20,Turkey,219610.0,219641.0,5492.0,5491.0,-31.0,1.0
1054,2020-07-20,Brazil,2124009.0,2098389.0,80223.0,79488.0,25620.0,735.0
1055,2020-07-21,France,174924.0,176754.0,30155.0,30177.0,-1830.0,-22.0
1056,2020-07-21,China,85719.0,85697.0,4654.0,4646.0,22.0,8.0
1057,2020-07-21,Italy,244800.0,244624.0,35082.0,35058.0,176.0,24.0
1058,2020-07-20,Spain,260378.0,264836.0,28431.0,28422.0,-4458.0,9.0
1059,2020-07-21,United States,3836135.0,3830010.0,141512.0,140906.0,6125.0,606.0
1060,2020-07-21,World,14773620.0,14684832.0,612413.0,610110.0,88788.0,2303.0
1061,2020-07-21,United Kingdom,295860.0,295372.0,45397.0,45312.0,488.0,85.0
1062,2020-07-21,Germany,202126.0,202345.0,9096.0,9090.0,-219.0,6.0
1063,2020-07-21,Iran,277267.0,276202.0,14358.0,14405.0,1065.0,-47.0
1064,2020-07-21,Turkey,220526.0,220572.0,5507.0,5508.0,-46.0,-1.0
1065,2020-07-21,Brazil,2144467.0,2118646.0,80852.0,80120.0,25821.0,732.0
1066,2020-07-21,France,174924.0,176754.0,30155.0,30177.0,-1830.0,-22.0
1067,2020-07-21,China,85719.0,85697.0,4654.0,4646.0,22.0,8.0
1068,2020-07-21,Italy,244800.0,244624.0,35082.0,35058.0,176.0,24.0
1069,2020-07-20,Spain,260378.0,264836.0,28431.0,28422.0,-4458.0,9.0
1070,2020-07-21,United States,3836135.0,3830010.0,141512.0,140906.0,6125.0,606.0
1071,2020-07-21,World,14773620.0,14684832.0,612413.0,610110.0,88788.0,2303.0
1072,2020-07-21,United Kingdom,295860.0,295372.0,45397.0,45312.0,488.0,85.0
1073,2020-07-21,Germany,202126.0,202345.0,9096.0,9090.0,-219.0,6.0
1074,2020-07-21,Iran,277267.0,276202.0,14358.0,14405.0,1065.0,-47.0
1075,2020-07-21,Turkey,220526.0,220572.0,5507.0,5508.0,-46.0,-1.0
1076,2020-07-21,Brazil,2144467.0,2118646.0,80852.0,80120.0,25821.0,732.0
1077,2020-07-22,France,176940.0,177338.0,30183.0,30165.0,-398.0,18.0
1078,2020-07-22,China,85802.0,85771.0,4654.0,4648.0,31.0,6.0
1079,2020-07-22,Italy,244964.0,244752.0,35085.0,35073.0,212.0,12.0
1080,2020-07-21,Spain,264843.0,266194.0,28434.0,28424.0,-1351.0,10.0
1081,2020-07-22,United States,3894733.0,3902058.0,141553.0,142066.0,-7325.0,-513.0
1082,2020-07-22,World,14995909.0,14890516.0,616085.0,616317.0,105393.0,-232.0
1083,2020-07-22,United Kingdom,296362.0,295817.0,45399.0,45422.0,545.0,-23.0
1084,2020-07-22,Germany,202680.0,202799.0,9101.0,9095.0,-119.0,6.0
1085,2020-07-22,Iran,279595.0,278827.0,14586.0,14634.0,768.0,-48.0
1086,2020-07-22,Turkey,221461.0,221500.0,5523.0,5526.0,-39.0,-3.0
1087,2020-07-22,Brazil,2160453.0,2159654.0,81374.0,81487.0,799.0,-113.0
1088,2020-07-23,France,179113.0,178336.0,30179.0,30172.0,777.0,7.0
1089,2020-07-23,China,85857.0,85906.0,4656.0,4648.0,-49.0,8.0
1090,2020-07-23,Italy,245070.0,245032.0,35108.0,35082.0,38.0,26.0
1091,2020-07-22,Spain,270246.0,267551.0,28437.0,28426.0,2695.0,11.0
1092,2020-07-23,United States,3961300.0,3970906.0,142634.0,143190.0,-9606.0,-556.0
1093,2020-07-23,World,15207555.0,15201538.0,621888.0,623282.0,6017.0,-1394.0
1094,2020-07-23,United Kingdom,296706.0,296377.0,45493.0,45501.0,329.0,-8.0
1095,2020-07-23,Germany,203367.0,203368.0,9107.0,9101.0,-1.0,6.0
1096,2020-07-23,Iran,282178.0,281413.0,14818.0,14853.0,765.0,-35.0
1097,2020-07-23,Turkey,222394.0,222402.0,5542.0,5545.0,-8.0,-3.0
1098,2020-07-23,Brazil,2197418.0,2227514.0,82595.0,82771.0,-30096.0,-176.0
1099,2020-07-24,France,178994.0,179398.0,30177.0,30182.0,-404.0,-5.0
1100,2020-07-24,China,86010.0,86045.0,4656.0,4649.0,-35.0,7.0
1101,2020-07-24,Italy,245289.0,245338.0,35119.0,35092.0,-49.0,27.0
1102,2020-07-23,Spain,268825.0,270166.0,28439.0,28429.0,-1341.0,10.0
1103,2020-07-24,United States,4036657.0,4034102.0,144351.0,144242.0,2555.0,109.0
1104,2020-07-24,World,15446647.0,15477472.0,629629.0,633122.0,-30825.0,-3493.0
1105,2020-07-24,United Kingdom,297206.0,297146.0,45651.0,45554.0,60.0,97.0
1106,2020-07-24,Germany,203875.0,204183.0,9114.0,9111.0,-308.0,3.0
1107,2020-07-24,Iran,284828.0,284034.0,15047.0,15074.0,794.0,-27.0
1108,2020-07-24,Turkey,223294.0,223315.0,5562.0,5563.0,-21.0,-1.0
1109,2020-07-24,Brazil,2273015.0,2287475.0,84246.0,84082.0,-14460.0,164.0
1110,2020-07-25,France,180359.0,180528.0,30194.0,30192.0,-169.0,2.0
1111,2020-07-25,China,86169.0,86202.0,4657.0,4650.0,-33.0,7.0
1112,2020-07-25,Italy,245724.0,245590.0,35124.0,35097.0,134.0,27.0
1113,2020-07-24,Spain,271407.0,272421.0,28442.0,28432.0,-1014.0,10.0
1114,2020-07-25,United States,4102203.0,4112529.0,145383.0,145546.0,-10326.0,-163.0
1115,2020-07-25,World,15722915.0,15762053.0,639110.0,639273.0,-39138.0,-163.0
1116,2020-07-25,United Kingdom,298060.0,297914.0,45680.0,45677.0,146.0,3.0
1117,2020-07-25,Germany,204779.0,204964.0,9124.0,9118.0,-185.0,6.0
1118,2020-07-25,Iran,287453.0,284034.0,15265.0,15074.0,3419.0,191.0
1119,2020-07-25,Turkey,224184.0,224252.0,5581.0,5580.0,-68.0,1.0
1120,2020-07-25,Brazil,2346143.0,2343366.0,85532.0,85238.0,2777.0,294.0
1121,2020-07-26,France,181534.0,180528.0,30209.0,30192.0,1006.0,17.0
1122,2020-07-26,China,86333.0,86381.0,4658.0,4652.0,-48.0,6.0
1123,2020-07-26,Italy,246001.0,245864.0,35130.0,35102.0,137.0,28.0
1124,2020-07-25,Spain,274751.0,272421.0,28445.0,28432.0,2330.0,13.0
1125,2020-07-26,United States,4175080.0,4178027.0,146618.0,146460.0,-2947.0,158.0
1126,2020-07-26,World,16016494.0,16018105.0,647445.0,644832.0,-1611.0,2613.0
1127,2020-07-26,United Kingdom,298934.0,298681.0,45779.0,45738.0,253.0,41.0
1128,2020-07-26,Germany,205768.0,205269.0,9135.0,9118.0,499.0,17.0
1129,2020-07-26,Iran,288593.0,284034.0,15321.0,15074.0,4559.0,247.0
1130,2020-07-26,Turkey,225127.0,225173.0,5597.0,5596.0,-46.0,1.0
1131,2020-07-26,Brazil,2400527.0,2394513.0,86744.0,86449.0,6014.0,295.0
1132,2020-07-27,France,181625.0,180528.0,30210.0,30192.0,1097.0,18.0
1133,2020-07-27,China,86525.0,86570.0,4660.0,4652.0,-45.0,8.0
1134,2020-07-27,Italy,246227.0,246118.0,35131.0,35107.0,109.0,24.0
1135,2020-07-26,Spain,274502.0,272421.0,28445.0,28432.0,2081.0,13.0
1136,2020-07-27,United States,4249892.0,4234020.0,147748.0,146935.0,15872.0,813.0
1137,2020-07-27,World,16297621.0,16249165.0,651776.0,649208.0,48456.0,2568.0
1138,2020-07-27,United Kingdom,299697.0,299426.0,45897.0,45752.0,271.0,145.0
1139,2020-07-27,Germany,206060.0,205609.0,9132.0,9118.0,451.0,14.0
1140,2020-07-27,Iran,288112.0,291172.0,15216.0,15700.0,-3060.0,-484.0
1141,2020-07-27,Turkey,226067.0,226100.0,5612.0,5613.0,-33.0,-1.0
1142,2020-07-27,Brazil,2451830.0,2419091.0,87895.0,87004.0,32739.0,891.0
1143,2020-07-28,France,180793.0,183079.0,30205.0,30209.0,-2286.0,-4.0
1144,2020-07-28,China,86723.0,86783.0,4660.0,4656.0,-60.0,4.0
1145,2020-07-28,Italy,246500.0,246286.0,35135.0,35112.0,214.0,23.0
1146,2020-07-27,Spain,272576.0,278782.0,28442.0,28434.0,-6206.0,8.0
1147,2020-07-28,United States,4308493.0,4290263.0,147966.0,148011.0,18230.0,-45.0
1148,2020-07-28,World,16591686.0,16465707.0,656290.0,653862.0,125979.0,2428.0
1149,2020-07-28,United Kingdom,300435.0,300111.0,45864.0,45759.0,324.0,105.0
1150,2020-07-28,Germany,205998.0,206242.0,9127.0,9122.0,-244.0,5.0
1151,2020-07-28,Iran,292328.0,293606.0,15698.0,15912.0,-1278.0,-214.0
1152,2020-07-28,Turkey,226980.0,227019.0,5628.0,5630.0,-39.0,-2.0
1153,2020-07-28,Brazil,2479793.0,2442375.0,88613.0,87618.0,37418.0,995.0
1154,2020-07-29,France,183252.0,183804.0,30226.0,30223.0,-552.0,3.0
1155,2020-07-29,China,86947.0,86990.0,4664.0,4657.0,-43.0,7.0
1156,2020-07-29,Italy,246655.0,246488.0,35140.0,35123.0,167.0,17.0
1157,2020-07-28,Spain,278766.0,280610.0,28445.0,28436.0,-1844.0,9.0
1158,2020-07-29,United States,4364123.0,4351997.0,148677.0,149256.0,12126.0,-579.0
1159,2020-07-29,World,16860694.0,16708920.0,660315.0,660123.0,151774.0,192.0
1160,2020-07-29,United Kingdom,301097.0,300692.0,45834.0,45878.0,405.0,-44.0
1161,2020-07-29,Germany,206651.0,206926.0,9131.0,9128.0,-275.0,3.0
1162,2020-07-29,Iran,297147.0,296273.0,16111.0,16147.0,874.0,-36.0
1163,2020-07-29,Turkey,227903.0,227982.0,5646.0,5645.0,-79.0,1.0
1164,2020-07-29,Brazil,2492541.0,2483191.0,88926.0,88539.0,9350.0,387.0
1165,2020-08-01,France,187809.0,187919.0,30289.0,30265.0,-110.0,24.0
1166,2020-08-01,China,87683.0,87655.0,4667.0,4661.0,28.0,6.0
1167,2020-08-01,Italy,247544.0,247537.0,35161.0,35141.0,7.0,20.0
1168,2020-07-31,Spain,287242.0,288522.0,28457.0,28445.0,-1280.0,12.0
1169,2020-08-01,United States,4569385.0,4562037.0,153441.0,153314.0,7348.0,127.0
1170,2020-08-01,World,17575183.0,17579197.0,680290.0,679505.0,-4014.0,785.0
1171,2020-08-01,United Kingdom,303274.0,303181.0,46126.0,46119.0,93.0,7.0
1172,2020-08-01,Germany,207942.0,209653.0,9142.0,9148.0,-1711.0,-6.0
1173,2020-08-01,Iran,305058.0,304204.0,16764.0,16766.0,854.0,-2.0
1174,2020-08-01,Turkey,230781.0,230873.0,5687.0,5691.0,-92.0,-4.0
1175,2020-08-01,Brazil,2671294.0,2662485.0,92881.0,92475.0,8809.0,406.0
1176,2020-08-02,France,189148.0,187919.0,30303.0,30265.0,1229.0,38.0
1177,2020-08-02,China,87826.0,87820.0,4669.0,4667.0,6.0,2.0
1178,2020-08-02,Italy,248003.0,247832.0,35167.0,35146.0,171.0,21.0
1179,2020-08-01,Spain,290961.0,288522.0,28456.0,28445.0,2439.0,11.0
1180,2020-08-02,United States,4637866.0,4620444.0,154624.0,154447.0,17422.0,177.0
1181,2020-08-02,World,17888151.0,17841669.0,686537.0,685281.0,46482.0,1256.0
1182,2020-08-02,United Kingdom,304219.0,303952.0,46206.0,46193.0,267.0,13.0
1183,2020-08-02,Germany,210495.0,209893.0,9161.0,9141.0,602.0,20.0
1184,2020-08-02,Iran,307728.0,306752.0,16982.0,16982.0,976.0,0.0
1185,2020-08-02,Turkey,231781.0,231869.0,5705.0,5710.0,-88.0,-5.0
1186,2020-08-02,Brazil,2722377.0,2707877.0,93919.0,93563.0,14500.0,356.0
1187,2020-08-03,France,189182.0,187919.0,30300.0,30265.0,1263.0,35.0
1188,2020-08-03,China,87955.0,87985.0,4675.0,4669.0,-30.0,6.0
1189,2020-08-03,Italy,248299.0,248070.0,35177.0,35154.0,229.0,23.0
1190,2020-08-02,Spain,291294.0,288522.0,28456.0,28445.0,2772.0,11.0
1191,2020-08-03,United States,4701418.0,4667955.0,155687.0,154860.0,33463.0,827.0
1192,2020-08-03,World,18190877.0,18056310.0,692434.0,689219.0,134567.0,3215.0
1193,2020-08-03,United Kingdom,305025.0,304695.0,46346.0,46201.0,330.0,145.0
1194,2020-08-03,Germany,210831.0,210402.0,9148.0,9148.0,429.0,0.0
1195,2020-08-03,Iran,310359.0,309437.0,17186.0,17190.0,922.0,-4.0
1196,2020-08-03,Turkey,232786.0,232856.0,5726.0,5728.0,-70.0,-2.0
1197,2020-08-03,Brazil,2768594.0,2733677.0,95078.0,94104.0,34917.0,974.0
1198,2020-08-04,France,188209.0,191295.0,30291.0,30294.0,-3086.0,-3.0
1199,2020-08-04,China,88119.0,88099.0,4677.0,4672.0,20.0,5.0
1200,2020-08-04,Italy,248468.0,248229.0,35181.0,35166.0,239.0,15.0
1201,2020-08-03,Spain,288730.0,297054.0,28455.0,28472.0,-8324.0,-17.0
1202,2020-08-04,United States,4754600.0,4713562.0,156079.0,155403.0,41038.0,676.0
1203,2020-08-04,World,18477737.0,18263542.0,696880.0,693726.0,214195.0,3154.0
1204,2020-08-04,United Kingdom,305680.0,305623.0,46321.0,46210.0,57.0,111.0
1205,2020-08-04,Germany,210731.0,211281.0,9155.0,9156.0,-550.0,-1.0
1206,2020-08-04,Iran,312999.0,312035.0,17404.0,17405.0,964.0,-1.0
1207,2020-08-04,Turkey,233784.0,233851.0,5745.0,5747.0,-67.0,-2.0
1208,2020-08-04,Brazil,2796921.0,2750318.0,95713.0,94665.0,46603.0,1048.0
1209,2020-08-05,France,191444.0,192334.0,30319.0,30296.0,-890.0,23.0
1210,2020-08-05,China,88212.0,88206.0,4680.0,4676.0,6.0,4.0
1211,2020-08-05,Italy,248581.0,248419.0,35196.0,35171.0,162.0,25.0
1212,2020-08-04,Spain,297022.0,302814.0,28485.0,28498.0,-5792.0,-13.0
1213,2020-08-05,United States,4800856.0,4771087.0,156092.0,156806.0,29769.0,-714.0
1214,2020-08-05,World,18744653.0,18519579.0,700727.0,700539.0,225074.0,188.0
1215,2020-08-05,United Kingdom,306571.0,306293.0,46278.0,46299.0,278.0,-21.0
1216,2020-08-05,Germany,211822.0,212022.0,9169.0,9168.0,-200.0,1.0
1217,2020-08-05,Iran,315658.0,314786.0,17617.0,17617.0,872.0,0.0
1218,2020-08-05,Turkey,234770.0,234934.0,5764.0,5765.0,-164.0,-1.0
1219,2020-08-05,Brazil,2807433.0,2801921.0,96053.0,95819.0,5512.0,234.0
1220,2020-08-06,France,194992.0,194029.0,30344.0,30305.0,963.0,39.0
1221,2020-08-06,China,88302.0,88328.0,4684.0,4677.0,-26.0,7.0
1222,2020-08-06,Italy,248702.0,248803.0,35204.0,35181.0,-101.0,23.0
1223,2020-08-05,Spain,309873.0,305767.0,28530.0,28499.0,4106.0,31.0
1224,2020-08-06,United States,4852519.0,4823891.0,157520.0,158256.0,28628.0,-736.0
1225,2020-08-06,World,18969805.0,18793522.0,706925.0,707715.0,176283.0,-790.0
1226,2020-08-06,United Kingdom,307409.0,307184.0,46363.0,46364.0,225.0,-1.0
1227,2020-08-06,Germany,212877.0,213067.0,9181.0,9175.0,-190.0,6.0
1228,2020-08-06,Iran,318357.0,317483.0,17835.0,17802.0,874.0,33.0
1229,2020-08-06,Turkey,235852.0,236112.0,5782.0,5784.0,-260.0,-2.0
1230,2020-08-06,Brazil,2848683.0,2859073.0,97055.0,97256.0,-10390.0,-201.0
1231,2020-08-07,France,195004.0,195633.0,30332.0,30312.0,-629.0,20.0
1232,2020-08-07,China,88426.0,88460.0,4685.0,4680.0,-34.0,5.0
1233,2020-08-07,Italy,249101.0,249204.0,35208.0,35187.0,-103.0,21.0
1234,2020-08-06,Spain,310555.0,309855.0,28527.0,28500.0,700.0,27.0
1235,2020-08-07,United States,4907853.0,4883646.0,159579.0,160104.0,24207.0,-525.0
1236,2020-08-07,World,19177291.0,19076745.0,714603.0,714618.0,100546.0,-15.0
1237,2020-08-07,United Kingdom,308074.0,308134.0,46492.0,46413.0,-60.0,79.0
1238,2020-08-07,Germany,213796.0,214214.0,9192.0,9183.0,-418.0,9.0
1239,2020-08-07,Iran,321097.0,320117.0,18031.0,17816.0,980.0,215.0
1240,2020-08-07,Turkey,237092.0,237265.0,5800.0,5798.0,-173.0,2.0
1241,2020-08-07,Brazil,2915779.0,2912212.0,98634.0,98493.0,3567.0,141.0
1242,2020-08-08,France,197078.0,197921.0,30344.0,30324.0,-843.0,20.0
1243,2020-08-08,China,88566.0,88580.0,4687.0,4681.0,-14.0,6.0
1244,2020-08-08,Italy,249667.0,249756.0,35218.0,35190.0,-89.0,28.0
1245,2020-08-07,Spain,312397.0,314362.0,28510.0,28503.0,-1965.0,7.0
1246,2020-08-08,United States,4964849.0,4941796.0,161430.0,161356.0,23053.0,74.0
1247,2020-08-08,World,19439206.0,19357085.0,721745.0,721174.0,82121.0,571.0
1248,2020-08-08,United Kingdom,309198.0,309005.0,46522.0,46511.0,193.0,11.0
1249,2020-08-08,Germany,215193.0,215336.0,9196.0,9195.0,-143.0,1.0
1250,2020-08-08,Iran,323790.0,322567.0,18103.0,18132.0,1223.0,-29.0
1251,2020-08-08,Turkey,238321.0,238450.0,5816.0,5813.0,-129.0,3.0
1252,2020-08-08,Brazil,2972262.0,2962442.0,100030.0,99572.0,9820.0,458.0
1253,2020-08-09,France,199276.0,197921.0,30354.0,30324.0,1355.0,30.0
1254,2020-08-09,China,88685.0,88672.0,4688.0,4681.0,13.0,7.0
1255,2020-08-09,Italy,250225.0,250103.0,35218.0,35203.0,122.0,15.0
1256,2020-08-08,Spain,317811.0,314362.0,28513.0,28503.0,3449.0,10.0
1257,2020-08-09,United States,5024317.0,4998017.0,163019.0,162425.0,26300.0,594.0
1258,2020-08-09,World,19724207.0,19624044.0,728432.0,726953.0,100163.0,1479.0
1259,2020-08-09,United Kingdom,310122.0,309763.0,46605.0,46566.0,359.0,39.0
1260,2020-08-09,Germany,216401.0,215891.0,9208.0,9196.0,510.0,12.0
1261,2020-08-09,Iran,326360.0,324692.0,18271.0,18264.0,1668.0,7.0
1262,2020-08-09,Turkey,239483.0,239622.0,5826.0,5829.0,-139.0,-3.0
1263,2020-08-09,Brazil,3023056.0,3012412.0,101105.0,100477.0,10644.0,628.0
1264,2020-08-12,France,202876.0,204172.0,30364.0,30354.0,-1296.0,10.0
1265,2020-08-12,China,89003.0,88964.0,4697.0,4693.0,39.0,4.0
1266,2020-08-12,Italy,251361.0,251237.0,35233.0,35215.0,124.0,18.0
1267,2020-08-11,Spain,323100.0,326612.0,28594.0,28581.0,-3512.0,13.0
1268,2020-08-12,United States,5182676.0,5141207.0,164259.0,164537.0,41469.0,-278.0
1269,2020-08-12,World,20570787.0,20330351.0,743828.0,742413.0,240436.0,1415.0
1270,2020-08-12,United Kingdom,312851.0,312789.0,46595.0,46526.0,62.0,69.0
1271,2020-08-12,Germany,217772.0,218519.0,9209.0,9207.0,-747.0,2.0
1272,2020-08-12,Iran,332850.0,331189.0,18839.0,18800.0,1661.0,39.0
1273,2020-08-12,Turkey,243048.0,243180.0,5872.0,5873.0,-132.0,-1.0
1274,2020-08-12,Brazil,3117239.0,3109630.0,103177.0,103026.0,7609.0,151.0
1275,2020-08-13,France,207794.0,206696.0,30390.0,30371.0,1098.0,19.0
1276,2020-08-13,China,89039.0,89045.0,4700.0,4697.0,-6.0,3.0
1277,2020-08-13,Italy,251591.0,251713.0,35241.0,35225.0,-122.0,16.0
1278,2020-08-12,Spain,333508.0,329784.0,28643.0,28579.0,3724.0,64.0
1279,2020-08-13,United States,5230318.0,5197148.0,165294.0,166027.0,33170.0,-733.0
1280,2020-08-13,World,20801680.0,20614014.0,749569.0,749444.0,187666.0,125.0
1281,2020-08-13,United Kingdom,313775.0,313798.0,46548.0,46706.0,-23.0,-158.0
1282,2020-08-13,Germany,219428.0,219964.0,9217.0,9211.0,-536.0,6.0
1283,2020-08-13,Iran,335061.0,333699.0,19031.0,18988.0,1362.0,43.0
1284,2020-08-13,Turkey,244239.0,244392.0,5886.0,5891.0,-153.0,-5.0
1285,2020-08-13,Brazil,3161238.0,3164785.0,104325.0,104201.0,-3547.0,124.0
1286,2020-08-14,France,207902.0,209365.0,30406.0,30388.0,-1463.0,18.0
1287,2020-08-14,China,89110.0,89144.0,4704.0,4700.0,-34.0,4.0
1288,2020-08-14,Italy,252193.0,252235.0,35252.0,35231.0,-42.0,21.0
1289,2020-08-13,Spain,332859.0,337334.0,28591.0,28605.0,-4475.0,-14.0
1290,2020-08-14,United States,5281669.0,5248242.0,167126.0,167110.0,33427.0,16.0
1291,2020-08-14,World,21024826.0,20900777.0,756470.0,759358.0,124049.0,-2888.0
1292,2020-08-14,United Kingdom,315061.0,313798.0,46756.0,46706.0,1263.0,50.0
1293,2020-08-14,Germany,221080.0,221413.0,9223.0,9225.0,-333.0,-2.0
1294,2020-08-14,Iran,337461.0,336324.0,19218.0,19162.0,1137.0,56.0
1295,2020-08-14,Turkey,245440.0,245635.0,5905.0,5912.0,-195.0,-7.0
1296,2020-08-14,Brazil,3223622.0,3224876.0,105696.0,105463.0,-1254.0,233.0
1297,2020-08-15,France,211344.0,212211.0,30425.0,30406.0,-867.0,19.0
1298,2020-08-15,China,89222.0,89214.0,4707.0,4701.0,8.0,6.0
1299,2020-08-15,Italy,252766.0,252809.0,35262.0,35234.0,-43.0,28.0
1300,2020-08-14,Spain,339994.0,342813.0,28615.0,28617.0,-2819.0,-2.0
1301,2020-08-15,United States,5334859.0,5313080.0,168534.0,168446.0,21779.0,88.0
1302,2020-08-15,World,21291617.0,21213649.0,765466.0,760421.0,77968.0,5045.0
1303,2020-08-15,United Kingdom,315028.0,316367.0,46904.0,41357.0,-1339.0,5547.0
1304,2020-08-15,Germany,222711.0,222828.0,9235.0,9231.0,-117.0,4.0
1305,2020-08-15,Iran,340016.0,338825.0,19401.0,19331.0,1191.0,70.0
1306,2020-08-15,Turkey,246702.0,246861.0,5928.0,5934.0,-159.0,-6.0
1307,2020-08-15,Brazil,3284196.0,3275520.0,106920.0,106523.0,8676.0,397.0
1308,2020-08-16,France,214294.0,215521.0,30443.0,30409.0,-1227.0,34.0
1309,2020-08-16,China,89287.0,89279.0,4708.0,4703.0,8.0,5.0
1310,2020-08-16,Italy,253376.0,253438.0,35261.0,35392.0,-62.0,-131.0
1311,2020-08-15,Spain,348889.0,342813.0,28646.0,28617.0,6076.0,29.0
1312,2020-08-16,United States,5393486.0,5361165.0,169573.0,169481.0,32321.0,92.0
1313,2020-08-16,World,21607231.0,21472570.0,767638.0,766080.0,134661.0,1558.0
1314,2020-08-16,United Kingdom,317579.0,316367.0,37130.0,41358.0,1212.0,-4228.0
1315,2020-08-16,Germany,224131.0,223453.0,9249.0,9231.0,678.0,18.0
1316,2020-08-16,Iran,342586.0,341070.0,19572.0,19492.0,1516.0,80.0
1317,2020-08-16,Turkey,247953.0,248117.0,5953.0,5955.0,-164.0,-2.0
1318,2020-08-16,Brazil,3339374.0,3317096.0,108076.0,107232.0,22278.0,844.0
1319,2020-08-17,France,217722.0,218536.0,30447.0,30410.0,-814.0,37.0
1320,2020-08-17,China,89341.0,89375.0,4710.0,4703.0,-34.0,7.0
1321,2020-08-17,Italy,254045.0,253915.0,35408.0,35396.0,130.0,12.0
1322,2020-08-16,Spain,347350.0,342813.0,28634.0,28617.0,4537.0,17.0
1323,2020-08-17,United States,5449795.0,5403269.0,170813.0,170052.0,46526.0,761.0
1324,2020-08-17,World,21901970.0,21689832.0,773784.0,770273.0,212138.0,3511.0
1325,2020-08-17,United Kingdom,317944.0,318484.0,41422.0,41366.0,-540.0,56.0
1326,2020-08-17,Germany,224761.0,224014.0,9243.0,9232.0,747.0,11.0
1327,2020-08-17,Iran,345002.0,343203.0,19738.0,19639.0,1799.0,99.0
1328,2020-08-17,Turkey,249192.0,249309.0,5974.0,5974.0,-117.0,0.0
1329,2020-08-17,Brazil,3382487.0,3340197.0,108854.0,107852.0,42290.0,1002.0
1330,2020-08-18,France,221088.0,219029.0,30436.0,30429.0,2059.0,7.0
1331,2020-08-18,China,89445.0,89441.0,4710.0,4703.0,4.0,7.0
1332,2020-08-18,Italy,254577.0,254235.0,35552.0,35400.0,342.0,152.0
1333,2020-08-17,Spain,343292.0,359082.0,28625.0,28646.0,-15790.0,-21.0
1334,2020-08-18,United States,5496403.0,5438325.0,171242.0,170497.0,58078.0,745.0
1335,2020-08-18,World,22196232.0,21896155.0,778547.0,774539.0,300077.0,4008.0
1336,2020-08-18,United Kingdom,319688.0,319197.0,41427.0,41369.0,491.0,58.0
1337,2020-08-18,Germany,224672.0,224014.0,9239.0,9232.0,658.0,7.0
1338,2020-08-18,Iran,347236.0,345450.0,19891.0,19804.0,1786.0,87.0
1339,2020-08-18,Turkey,250411.0,250542.0,5993.0,5996.0,-131.0,-3.0
1340,2020-08-18,Brazil,3408990.0,3359570.0,109408.0,108536.0,49420.0,872.0
1341,2020-08-19,France,221493.0,221267.0,30453.0,30451.0,226.0,2.0
1342,2020-08-19,China,89511.0,89494.0,4709.0,4705.0,17.0,4.0
1343,2020-08-19,Italy,254778.0,254636.0,35426.0,35405.0,142.0,21.0
1344,2020-08-18,Spain,360772.0,364196.0,28658.0,28670.0,-3424.0,-12.0
1345,2020-08-19,United States,5534405.0,5482416.0,171401.0,171821.0,51989.0,-420.0
1346,2020-08-19,World,22456722.0,22151281.0,782646.0,781123.0,305441.0,1523.0
1347,2020-08-19,United Kingdom,320399.0,320286.0,41430.0,41381.0,113.0,49.0
1348,2020-08-19,Germany,224643.0,226914.0,9240.0,9243.0,-2271.0,-3.0
1349,2020-08-19,Iran,349430.0,347835.0,20047.0,19972.0,1595.0,75.0
1350,2020-08-19,Turkey,251590.0,251805.0,6013.0,6016.0,-215.0,-3.0
1351,2020-08-19,Brazil,3423302.0,3407354.0,110027.0,109888.0,15948.0,139.0
1352,2020-08-20,France,221926.0,225043.0,30488.0,30468.0,-3117.0,20.0
1353,2020-08-20,China,89549.0,89527.0,4712.0,4706.0,22.0,6.0
1354,2020-08-20,Italy,255041.0,255278.0,35431.0,35412.0,-237.0,19.0
1355,2020-08-19,Spain,377096.0,370867.0,28702.0,28797.0,6229.0,-95.0
1356,2020-08-20,United States,5572778.0,5529842.0,172541.0,173177.0,42936.0,-636.0
1357,2020-08-20,World,22688369.0,22431929.0,788373.0,787773.0,256440.0,600.0
1358,2020-08-20,United Kingdom,321197.0,321098.0,41422.0,41397.0,99.0,25.0
1359,2020-08-20,Germany,226956.0,228621.0,9249.0,9253.0,-1665.0,-4.0
1360,2020-08-20,Iran,351717.0,347835.0,20216.0,19972.0,3882.0,244.0
1361,2020-08-20,Turkey,252881.0,253108.0,6035.0,6039.0,-227.0,-4.0
1362,2020-08-20,Brazil,3461299.0,3456652.0,111182.0,111100.0,4647.0,82.0
1363,2020-08-21,France,226821.0,229814.0,30508.0,30480.0,-2993.0,28.0
1364,2020-08-21,China,89571.0,89567.0,4713.0,4709.0,4.0,4.0
1365,2020-08-21,Italy,255736.0,256118.0,35438.0,35418.0,-382.0,20.0
1366,2020-08-20,Spain,375661.0,377906.0,28837.0,28813.0,-2245.0,24.0
1367,2020-08-21,United States,5616981.0,5573847.0,174456.0,174255.0,43134.0,201.0
1368,2020-08-21,World,22885782.0,22705645.0,795286.0,794104.0,180137.0,1182.0
1369,2020-08-21,United Kingdom,322329.0,322280.0,41445.0,41403.0,49.0,42.0
1370,2020-08-21,Germany,229352.0,228621.0,9268.0,9253.0,731.0,15.0
1371,2020-08-21,Iran,353024.0,352558.0,20293.0,20264.0,466.0,29.0
1372,2020-08-21,Turkey,254203.0,254520.0,6056.0,6058.0,-317.0,-2.0
1373,2020-08-21,Brazil,3516591.0,3501975.0,112597.0,112304.0,14616.0,293.0
1374,2020-08-22,France,232636.0,234400.0,30516.0,30503.0,-1764.0,13.0
1375,2020-08-22,China,89606.0,89616.0,4716.0,4711.0,-10.0,5.0
1376,2020-08-22,Italy,256768.0,257065.0,35446.0,35427.0,-297.0,19.0
1377,2020-08-21,Spain,383902.0,386054.0,28915.0,28838.0,-2152.0,77.0
1378,2020-08-22,United States,5662109.0,5623727.0,175594.0,175406.0,38382.0,188.0
1379,2020-08-22,World,23145488.0,22977399.0,801752.0,800321.0,168089.0,1431.0
1380,2020-08-22,United Kingdom,323261.0,323313.0,41454.0,41405.0,-52.0,49.0
1381,2020-08-22,Germany,230198.0,232082.0,9268.0,9267.0,-1884.0,1.0
1382,2020-08-22,Iran,355421.0,354764.0,20440.0,20376.0,657.0,64.0
1383,2020-08-22,Turkey,255635.0,255723.0,6078.0,6080.0,-88.0,-2.0
1384,2020-08-22,Brazil,3563974.0,3532330.0,113790.0,113358.0,31644.0,432.0
1385,2020-08-23,France,237970.0,238002.0,30535.0,30512.0,-32.0,23.0
1386,2020-08-23,China,89660.0,89654.0,4718.0,4711.0,6.0,7.0
1387,2020-08-23,Italy,257875.0,258136.0,35454.0,35430.0,-261.0,24.0
1388,2020-08-22,Spain,392530.0,386054.0,28861.0,28838.0,6476.0,23.0
1389,2020-08-23,United States,5708900.0,5668105.0,176566.0,176362.0,40795.0,204.0
1390,2020-08-23,World,23432747.0,23243621.0,808066.0,805740.0,189126.0,2326.0
1391,2020-08-23,United Kingdom,324600.0,324601.0,41448.0,41423.0,-1.0,25.0
1392,2020-08-23,Germany,232097.0,232864.0,9273.0,9269.0,-767.0,4.0
1393,2020-08-23,Iran,358283.0,356792.0,20648.0,20502.0,1491.0,146.0
1394,2020-08-23,Turkey,256939.0,257032.0,6097.0,6102.0,-93.0,-5.0
1395,2020-08-23,Brazil,3598062.0,3582362.0,114905.0,114250.0,15700.0,655.0
1396,2020-08-24,France,241503.0,242899.0,30552.0,30513.0,-1396.0,39.0
1397,2020-08-24,China,89697.0,89695.0,4717.0,4711.0,2.0,6.0
1398,2020-08-24,Italy,259028.0,259345.0,35459.0,35437.0,-317.0,22.0
1399,2020-08-23,Spain,392135.0,386054.0,28864.0,28838.0,6081.0,26.0
1400,2020-08-24,United States,5755505.0,5702611.0,177597.0,176806.0,52894.0,791.0
1401,2020-08-24,World,23711488.0,23441581.0,813812.0,809422.0,269907.0,4390.0
1402,2020-08-24,United Kingdom,325750.0,325642.0,41462.0,41429.0,108.0,33.0
1403,2020-08-24,Germany,235847.0,233575.0,9287.0,9272.0,2272.0,15.0
1404,2020-08-24,Iran,360901.0,358905.0,20764.0,20643.0,1996.0,121.0
1405,2020-08-24,Turkey,258077.0,258249.0,6121.0,6121.0,-172.0,0.0
1406,2020-08-24,Brazil,3639709.0,3605783.0,115834.0,114744.0,33926.0,1090.0
1407,2020-08-25,France,245712.0,244854.0,30543.0,30528.0,858.0,15.0
1408,2020-08-25,China,89735.0,89718.0,4717.0,4711.0,17.0,6.0
1409,2020-08-25,Italy,260333.0,260298.0,35461.0,35441.0,35.0,20.0
1410,2020-08-24,Spain,386381.0,405436.0,28846.0,28872.0,-19055.0,-26.0
1411,2020-08-25,United States,5794877.0,5740909.0,177998.0,177279.0,53968.0,719.0
1412,2020-08-25,World,23968247.0,23673902.0,818298.0,813944.0,294345.0,4354.0
1413,2020-08-25,United Kingdom,327014.0,326614.0,41481.0,41433.0,400.0,48.0
1414,2020-08-25,Germany,234367.0,234853.0,9280.0,9277.0,-486.0,3.0
1415,2020-08-25,Iran,362987.0,358905.0,20896.0,20643.0,4082.0,253.0
1416,2020-08-25,Turkey,259382.0,259692.0,6140.0,6139.0,-310.0,1.0
1417,2020-08-25,Brazil,3674572.0,3622861.0,116434.0,115309.0,51711.0,1125.0
1418,2020-08-26,France,248685.0,248158.0,30551.0,30544.0,527.0,7.0
1419,2020-08-26,China,89753.0,89752.0,4717.0,4712.0,1.0,5.0
1420,2020-08-26,Italy,261417.0,261174.0,35469.0,35445.0,243.0,24.0
1421,2020-08-25,Spain,408311.0,412553.0,28884.0,28924.0,-4242.0,-40.0
1422,2020-08-26,United States,5830624.0,5779028.0,178159.0,178486.0,51596.0,-327.0
1423,2020-08-26,World,24236223.0,23928539.0,822401.0,819756.0,307684.0,2645.0
1424,2020-08-26,United Kingdom,327803.0,327798.0,41475.0,41449.0,5.0,26.0
1425,2020-08-26,Germany,235562.0,236429.0,9286.0,9280.0,-867.0,6.0
1426,2020-08-26,Iran,364165.0,361150.0,20961.0,20776.0,3015.0,185.0
1427,2020-08-26,Turkey,260734.0,261194.0,6156.0,6163.0,-460.0,-7.0
1428,2020-08-26,Brazil,3686882.0,3669995.0,116877.0,116580.0,16887.0,297.0
1429,2020-08-27,France,249903.0,253587.0,30578.0,30544.0,-3684.0,34.0
1430,2020-08-27,China,89785.0,89784.0,4718.0,4713.0,1.0,5.0
1431,2020-08-27,Italy,262083.0,262540.0,35470.0,35458.0,-457.0,12.0
1432,2020-08-26,Spain,426586.0,419849.0,28962.0,28971.0,6737.0,-9.0
1433,2020-08-27,United States,5867361.0,5821876.0,179277.0,179714.0,45485.0,-437.0
1434,2020-08-27,World,24459854.0,24204686.0,827361.0,826090.0,255168.0,1271.0
1435,2020-08-27,United Kingdom,328915.0,328846.0,41489.0,41465.0,69.0,24.0
1436,2020-08-27,Germany,237586.0,237936.0,9290.0,9285.0,-350.0,5.0
1437,2020-08-27,Iran,365398.0,363363.0,21019.0,20901.0,2035.0,118.0
1438,2020-08-27,Turkey,262402.0,262507.0,6179.0,6183.0,-105.0,-4.0
1439,2020-08-27,Brazil,3722869.0,3717156.0,117903.0,117665.0,5713.0,238.0
